{
    "accuracy": 0.48333333333333334,
    "precision": 0.5314716312056738,
    "recall": 0.48333333333333334,
    "f1_score": 0.4386786786786787
}