{
    "accuracy": 0.55,
    "precision": 0.7093333333333334,
    "recall": 0.55,
    "f1_score": 0.4977777777777777
}