{
    "accuracy": 0.7083333333333334,
    "precision": 0.7676767676767676,
    "recall": 0.7083333333333334,
    "f1_score": 0.7308641975308642
}