{
    "accuracy": 0.5555555555555556,
    "precision": 0.8585858585858586,
    "recall": 0.5555555555555556,
    "f1_score": 0.6488888888888888
}