{
    "accuracy": 0.45,
    "precision": 0.45684093437152384,
    "recall": 0.45,
    "f1_score": 0.45230769230769236
}