{
    "accuracy": 0.4166666666666667,
    "precision": 0.41760935143288086,
    "recall": 0.4166666666666667,
    "f1_score": 0.41423001949317734
}