{
    "accuracy": 0.3,
    "precision": 0.4972826086956522,
    "recall": 0.3,
    "f1_score": 0.37301587301587297
}