{
    "accuracy": 0.6206896551724138,
    "precision": 0.7106335994564293,
    "recall": 0.6206896551724138,
    "f1_score": 0.6410509031198686
}