{
    "accuracy": 0.4666666666666667,
    "precision": 0.45554129225502776,
    "recall": 0.4666666666666667,
    "f1_score": 0.4481481481481481
}