{
    "accuracy": 0.6333333333333333,
    "precision": 0.6430555555555556,
    "recall": 0.6333333333333333,
    "f1_score": 0.638095238095238
}