{
    "accuracy": 0.8166666666666667,
    "precision": 0.8208333333333333,
    "recall": 0.8166666666666667,
    "f1_score": 0.8125925925925926
}