{
    "accuracy": 0.5666666666666667,
    "precision": 0.5444444444444444,
    "recall": 0.5666666666666667,
    "f1_score": 0.5395833333333333
}