{
    "accuracy": 0.2,
    "precision": 0.3882352941176471,
    "recall": 0.2,
    "f1_score": 0.2639455782312925
}