{
    "accuracy": 0.4666666666666667,
    "precision": 0.48945454545454553,
    "recall": 0.4666666666666667,
    "f1_score": 0.47737355811889975
}