{
    "accuracy": 0.5,
    "precision": 0.5119617224880383,
    "recall": 0.5,
    "f1_score": 0.49158249158249157
}