{
    "accuracy": 0.23529411764705882,
    "precision": 0.5294117647058824,
    "recall": 0.23529411764705882,
    "f1_score": 0.2892733564013841
}