{
    "accuracy": 0.40625,
    "precision": 0.4390625,
    "recall": 0.40625,
    "f1_score": 0.40218719452590423
}