{
    "accuracy": 0.21311475409836064,
    "precision": 0.4344262295081967,
    "recall": 0.21311475409836064,
    "f1_score": 0.2843621721965121
}