{
    "accuracy": 0.45,
    "precision": 0.448709315375982,
    "recall": 0.45,
    "f1_score": 0.44923076923076927
}