{
    "accuracy": 0.4444444444444444,
    "precision": 0.5722222222222222,
    "recall": 0.4444444444444444,
    "f1_score": 0.49074074074074076
}