{
    "accuracy": 0.6976744186046512,
    "precision": 0.7149778516057587,
    "recall": 0.6976744186046512,
    "f1_score": 0.6933952504403941,
    "total_num": 43,
    "valid_num": 43,
    "valid_ratio": 1.0,
    "valid_acc": 0.6976744186046512
}