{
    "accuracy": 0.8518518518518519,
    "precision": 0.8527215740330495,
    "recall": 0.8518518518518519,
    "f1_score": 0.8520987654320988
}