{
    "accuracy": 0.43333333333333335,
    "precision": 0.7655172413793103,
    "recall": 0.43333333333333335,
    "f1_score": 0.29730423620025676
}