{
    "accuracy": 0.11666666666666667,
    "precision": 0.5625,
    "recall": 0.11666666666666667,
    "f1_score": 0.19097560975609756
}