{
    "accuracy": 0.4666666666666667,
    "precision": 0.4866666666666666,
    "recall": 0.4666666666666667,
    "f1_score": 0.4720538720538721
}