{
    "accuracy": 0.9333333333333333,
    "precision": 0.9416666666666667,
    "recall": 0.9333333333333333,
    "f1_score": 0.9333333333333333
}