{
    "accuracy": 0.8448275862068966,
    "precision": 0.8674677812608846,
    "recall": 0.8448275862068966,
    "f1_score": 0.8497364704261257
}