{
    "accuracy": 0.5172413793103449,
    "precision": 0.7183908045977012,
    "recall": 0.5172413793103449,
    "f1_score": 0.5951056729699666
}