{
    "accuracy": 0.6164383561643836,
    "precision": 0.6161222339304532,
    "recall": 0.6164383561643836,
    "f1_score": 0.5718262398359094
}