{
    "accuracy": 0.21666666666666667,
    "precision": 0.3902777777777778,
    "recall": 0.21666666666666667,
    "f1_score": 0.25918367346938775
}