{
    "accuracy": 0.16666666666666666,
    "precision": 1.0,
    "recall": 0.16666666666666666,
    "f1_score": 0.2857142857142857
}