{
    "accuracy": 0.4666666666666667,
    "precision": 0.5095238095238095,
    "recall": 0.4666666666666667,
    "f1_score": 0.4850657108721625
}