{
    "accuracy": 0.6,
    "precision": 0.7627118644067797,
    "recall": 0.6,
    "f1_score": 0.4664484451718494
}