{
    "accuracy": 0.6,
    "precision": 0.7180223285486443,
    "recall": 0.6,
    "f1_score": 0.6350369656059145
}