{
    "accuracy": 0.7727272727272727,
    "precision": 0.8014911463187325,
    "recall": 0.7727272727272727,
    "f1_score": 0.7785039941902686
}