{
    "accuracy": 0.15,
    "precision": 0.5319444444444444,
    "recall": 0.15,
    "f1_score": 0.2134959349593496
}