{
    "accuracy": 0.5333333333333333,
    "precision": 0.724,
    "recall": 0.5333333333333333,
    "f1_score": 0.48343125734430087
}