{
    "accuracy": 0.5666666666666667,
    "precision": 0.5774935113088617,
    "recall": 0.5666666666666667,
    "f1_score": 0.5695847362514029
}