{
    "accuracy": 0.75,
    "precision": 0.7566964285714286,
    "recall": 0.75,
    "f1_score": 0.75147845677274
}