{
    "accuracy": 0.34210526315789475,
    "precision": 0.3561865189289012,
    "recall": 0.34210526315789475,
    "f1_score": 0.3475033738191633
}