{
    "accuracy": 0.6,
    "precision": 0.6246469833119385,
    "recall": 0.6,
    "f1_score": 0.5862857142857142
}