{
    "accuracy": 0.5666666666666667,
    "precision": 0.5618879749314531,
    "recall": 0.5666666666666667,
    "f1_score": 0.5636574074074073
}