{
    "accuracy": 0.45,
    "precision": 0.47878787878787876,
    "recall": 0.45,
    "f1_score": 0.45413533834586467
}