{
    "accuracy": 0.4166666666666667,
    "precision": 0.4836829836829837,
    "recall": 0.4166666666666667,
    "f1_score": 0.43209876543209874
}