{
    "accuracy": 0.7666666666666667,
    "precision": 0.7792380952380953,
    "recall": 0.7666666666666667,
    "f1_score": 0.7651041666666667
}