{
    "accuracy": 0.5166666666666667,
    "precision": 0.6712962962962963,
    "recall": 0.5166666666666667,
    "f1_score": 0.5835486649440137
}