{
    "accuracy": 0.48333333333333334,
    "precision": 0.5050000000000001,
    "recall": 0.48333333333333334,
    "f1_score": 0.4700929315685722
}