{
    "accuracy": 0.47058823529411764,
    "precision": 0.4910130718954248,
    "recall": 0.47058823529411764,
    "f1_score": 0.4742647058823529
}