{
    "accuracy": 0.8,
    "precision": 0.8599999999999999,
    "recall": 0.8,
    "f1_score": 0.7945701357466064
}