{
    "accuracy": 0.55,
    "precision": 0.6232323232323231,
    "recall": 0.55,
    "f1_score": 0.5795411690760528
}