{
    "accuracy": 0.9,
    "precision": 0.9163018433179723,
    "recall": 0.9,
    "f1_score": 0.9075284090909091
}