{
    "accuracy": 0.6896551724137931,
    "precision": 0.789408866995074,
    "recall": 0.6896551724137931,
    "f1_score": 0.59240979123591
}