{
    "accuracy": 0.36666666666666664,
    "precision": 0.4677777777777778,
    "recall": 0.36666666666666664,
    "f1_score": 0.4027902686498328
}