{
    "accuracy": 0.7413793103448276,
    "precision": 0.8106527093596059,
    "recall": 0.7413793103448276,
    "f1_score": 0.6592886410836903
}