{
    "accuracy": 0.5833333333333334,
    "precision": 0.729,
    "recall": 0.5833333333333334,
    "f1_score": 0.5341286620356388
}