{
    "accuracy": 0.625,
    "precision": 0.6129227053140097,
    "recall": 0.625,
    "f1_score": 0.6087662337662337
}