{
    "accuracy": 0.7222222222222222,
    "precision": 0.8181818181818181,
    "recall": 0.7222222222222222,
    "f1_score": 0.7555555555555556
}