{
    "accuracy": 0.28125,
    "precision": 0.5854166666666667,
    "recall": 0.28125,
    "f1_score": 0.31107954545454547
}