{
    "accuracy": 0.9117647058823529,
    "precision": 0.9690402476780186,
    "recall": 0.9117647058823529,
    "f1_score": 0.9395005865594102
}