{
    "accuracy": 0.034482758620689655,
    "precision": 0.853448275862069,
    "recall": 0.034482758620689655,
    "f1_score": 0.06451473511364618
}