{
    "accuracy": 0.9285714285714286,
    "precision": 0.8622448979591837,
    "recall": 0.9285714285714286,
    "f1_score": 0.8941798941798941
}