{
    "accuracy": 0.125,
    "precision": 0.015625,
    "recall": 0.125,
    "f1_score": 0.027777777777777776
}