{
    "accuracy": 0.21666666666666667,
    "precision": 0.6560185185185186,
    "recall": 0.21666666666666667,
    "f1_score": 0.2942451874366768
}