{
    "accuracy": 0.31666666666666665,
    "precision": 0.4659498207885304,
    "recall": 0.31666666666666665,
    "f1_score": 0.36120689655172417
}