{
    "accuracy": 0.38333333333333336,
    "precision": 0.3945736434108527,
    "recall": 0.38333333333333336,
    "f1_score": 0.3565217391304348
}