{
    "accuracy": 0.42105263157894735,
    "precision": 0.5013415892672859,
    "recall": 0.42105263157894735,
    "f1_score": 0.45749653739612184
}