{
    "accuracy": 0.5166666666666667,
    "precision": 0.6111236802413272,
    "recall": 0.5166666666666667,
    "f1_score": 0.5309584154698207
}