{
    "accuracy": 0.5,
    "precision": 0.5101851851851852,
    "recall": 0.5,
    "f1_score": 0.5050228310502283
}