{
    "accuracy": 0.43333333333333335,
    "precision": 0.5148148148148147,
    "recall": 0.43333333333333335,
    "f1_score": 0.40512820512820513
}