{
    "accuracy": 0.42105263157894735,
    "precision": 0.43048798466755117,
    "recall": 0.42105263157894735,
    "f1_score": 0.42105263157894735
}