{
    "accuracy": 0.5333333333333333,
    "precision": 0.5019607843137256,
    "recall": 0.5333333333333333,
    "f1_score": 0.4666666666666667
}