{
    "accuracy": 0.47368421052631576,
    "precision": 0.4398496240601504,
    "recall": 0.47368421052631576,
    "f1_score": 0.45614035087719296
}