{
    "accuracy": 0.2708333333333333,
    "precision": 0.5192307692307693,
    "recall": 0.2708333333333333,
    "f1_score": 0.29365079365079366
}