{
    "accuracy": 0.9166666666666666,
    "precision": 0.9498181818181818,
    "recall": 0.9166666666666666,
    "f1_score": 0.9320319432120674
}