{
    "accuracy": 0.8333333333333334,
    "precision": 0.8344556677890012,
    "recall": 0.8333333333333334,
    "f1_score": 0.8329613095238095
}