{
    "accuracy": 0.6824324324324325,
    "precision": 0.7099441590350681,
    "recall": 0.6824324324324325,
    "f1_score": 0.6520731317739255
}