{
    "accuracy": 0.46875,
    "precision": 0.486328125,
    "recall": 0.46875,
    "f1_score": 0.47346059113300487
}