{
    "accuracy": 0.4,
    "precision": 0.40628507295173955,
    "recall": 0.4,
    "f1_score": 0.40271493212669685
}