{
    "accuracy": 0.36666666666666664,
    "precision": 0.7333333333333333,
    "recall": 0.36666666666666664,
    "f1_score": 0.48888888888888893
}