{
    "accuracy": 0.48333333333333334,
    "precision": 0.48388888888888887,
    "recall": 0.48333333333333334,
    "f1_score": 0.48347689172918407
}