{
    "accuracy": 0.5666666666666667,
    "precision": 0.5453333333333333,
    "recall": 0.5666666666666667,
    "f1_score": 0.5116402116402116
}