{
    "accuracy": 0.3,
    "precision": 0.5304093567251462,
    "recall": 0.3,
    "f1_score": 0.37606060606060604
}