{
    "accuracy": 0.4117647058823529,
    "precision": 0.45882352941176474,
    "recall": 0.4117647058823529,
    "f1_score": 0.3226381461675579
}