{
    "accuracy": 0.6833333333333333,
    "precision": 0.7927272727272727,
    "recall": 0.6833333333333333,
    "f1_score": 0.6126563092080333
}