{
    "accuracy": 0.43103448275862066,
    "precision": 0.5354774535809018,
    "recall": 0.43103448275862066,
    "f1_score": 0.4544308716796034
}