{
    "accuracy": 0.6724137931034483,
    "precision": 0.8088291019325501,
    "recall": 0.6724137931034483,
    "f1_score": 0.7339382940108893
}