{
    "accuracy": 0.5208333333333334,
    "precision": 0.5692753623188406,
    "recall": 0.5208333333333334,
    "f1_score": 0.5344129554655871
}