{
    "accuracy": 0.6875,
    "precision": 0.6977941176470588,
    "recall": 0.6875,
    "f1_score": 0.6899801587301587
}