{
    "accuracy": 0.7083333333333334,
    "precision": 0.7196969696969697,
    "recall": 0.7083333333333334,
    "f1_score": 0.643859649122807
}