{
    "accuracy": 0.45,
    "precision": 0.48153503893214683,
    "recall": 0.45,
    "f1_score": 0.459846547314578
}