{
    "accuracy": 0.6,
    "precision": 0.6258519388954171,
    "recall": 0.6,
    "f1_score": 0.5955357142857144
}