{
    "accuracy": 0.375,
    "precision": 0.5849462365591398,
    "recall": 0.375,
    "f1_score": 0.3782505910165484
}