{
    "accuracy": 0.31666666666666665,
    "precision": 0.463235294117647,
    "recall": 0.31666666666666665,
    "f1_score": 0.3761770244821092
}