{
    "accuracy": 0.26666666666666666,
    "precision": 0.19393939393939394,
    "recall": 0.26666666666666666,
    "f1_score": 0.2245614035087719
}