{
    "accuracy": 0.6111111111111112,
    "precision": 0.8585858585858586,
    "recall": 0.6111111111111112,
    "f1_score": 0.637037037037037
}