{
    "accuracy": 0.48333333333333334,
    "precision": 0.5260558069381599,
    "recall": 0.48333333333333334,
    "f1_score": 0.48808131439710384
}