{
    "accuracy": 0.3333333333333333,
    "precision": 0.3688888888888889,
    "recall": 0.3333333333333333,
    "f1_score": 0.33037037037037037
}