{
    "accuracy": 0.3541666666666667,
    "precision": 0.6095238095238096,
    "recall": 0.3541666666666667,
    "f1_score": 0.4408505540581012
}