{
    "accuracy": 0.4375,
    "precision": 0.6381766381766382,
    "recall": 0.4375,
    "f1_score": 0.39733924611973387
}