{
    "accuracy": 0.6,
    "precision": 0.6444444444444444,
    "recall": 0.6,
    "f1_score": 0.6205128205128205
}