{
    "accuracy": 0.5,
    "precision": 0.5202614379084968,
    "recall": 0.5,
    "f1_score": 0.5096122515477354
}