{
    "accuracy": 0.21666666666666667,
    "precision": 0.49967948717948724,
    "recall": 0.21666666666666667,
    "f1_score": 0.2836657169990503
}