{
    "accuracy": 0.16666666666666666,
    "precision": 0.7777777777777778,
    "recall": 0.16666666666666666,
    "f1_score": 0.27450980392156865
}