{
    "accuracy": 0.8783783783783784,
    "precision": 0.898743591366542,
    "recall": 0.8783783783783784,
    "f1_score": 0.8876941270450398
}