{
    "accuracy": 0.9,
    "precision": 0.9031674208144796,
    "recall": 0.9,
    "f1_score": 0.9005714285714286
}