{
    "accuracy": 0.3023255813953488,
    "precision": 0.2748062015503876,
    "recall": 0.3023255813953488,
    "f1_score": 0.43577075098814233,
    "total_num": 43,
    "valid_num": 23,
    "valid_ratio": 0.5348837209302325,
    "valid_acc": 0.43478260869565216
}