{
    "accuracy": 0.625,
    "precision": 0.6189458689458689,
    "recall": 0.625,
    "f1_score": 0.6215932914046121
}