{
    "accuracy": 0.31666666666666665,
    "precision": 0.5943319838056681,
    "recall": 0.31666666666666665,
    "f1_score": 0.4131695331695332
}