{
    "accuracy": 0.45,
    "precision": 0.4700892857142857,
    "recall": 0.45,
    "f1_score": 0.4570332480818415
}