{
    "accuracy": 0.6166666666666667,
    "precision": 0.646870286576169,
    "recall": 0.6166666666666667,
    "f1_score": 0.6176252662776698
}