{
    "accuracy": 0.55,
    "precision": 0.6141304347826086,
    "recall": 0.55,
    "f1_score": 0.5619520748100526
}