{
    "accuracy": 0.5666666666666667,
    "precision": 0.4888888888888889,
    "recall": 0.5666666666666667,
    "f1_score": 0.48000000000000004
}