{
    "accuracy": 0.9666666666666667,
    "precision": 0.9837837837837838,
    "recall": 0.9666666666666667,
    "f1_score": 0.9743895175699822
}