{
    "accuracy": 0.8333333333333334,
    "precision": 0.8627450980392157,
    "recall": 0.8333333333333334,
    "f1_score": 0.7913978494623656
}