{
    "accuracy": 0.31666666666666665,
    "precision": 0.33599508599508604,
    "recall": 0.31666666666666665,
    "f1_score": 0.3115921524240709
}