{
    "accuracy": 0.31666666666666665,
    "precision": 0.4663978494623656,
    "recall": 0.31666666666666665,
    "f1_score": 0.3423885511651469
}