{
    "accuracy": 0.45,
    "precision": 0.46696329254727476,
    "recall": 0.45,
    "f1_score": 0.45542100816671366
}