{
    "accuracy": 0.6875,
    "precision": 0.7127976190476191,
    "recall": 0.6875,
    "f1_score": 0.6942307692307692
}