length of dataset,ask more questions percentage,accuracy,precision,recall,f1_score
85,74.11764705882354,0.36363636363636365,0.6181818181818182,0.36363636363636365,0.43406395975565937
