{
    "accuracy": 0.55,
    "precision": 0.5565072302558398,
    "recall": 0.55,
    "f1_score": 0.5518881118881118
}