{
    "accuracy": 0.6551724137931034,
    "precision": 0.7877370689655172,
    "recall": 0.6551724137931034,
    "f1_score": 0.6721365662252362
}