subset,VLM,length of dataset,unable to answer percentage,accuracy,precision,recall,f1_score
phi,microsoft/Phi-3.5-vision-instruct,197,3.0456852791878175,0.5602094240837696,0.7444825328026843,0.5602094240837696,0.5540694331554568
