{
    "accuracy": 0.7931034482758621,
    "precision": 0.8011799747966549,
    "recall": 0.7931034482758621,
    "f1_score": 0.7950103289369139
}