{
    "accuracy": 0.8125,
    "precision": 0.8402777777777778,
    "recall": 0.8125,
    "f1_score": 0.8260135135135136
}