{
    "accuracy": 0.5789473684210527,
    "precision": 0.8421052631578947,
    "recall": 0.5789473684210527,
    "f1_score": 0.6165413533834586
}