{
    "accuracy": 0.2833333333333333,
    "precision": 0.572063492063492,
    "recall": 0.2833333333333333,
    "f1_score": 0.34593023255813954
}