{
    "accuracy": 0.8125,
    "precision": 0.8257850241545894,
    "recall": 0.8125,
    "f1_score": 0.8043831168831168
}