{
    "accuracy": 0.45,
    "precision": 0.4780092592592593,
    "recall": 0.45,
    "f1_score": 0.44831897749374827
}