{
    "accuracy": 0.41379310344827586,
    "precision": 0.6336206896551724,
    "recall": 0.41379310344827586,
    "f1_score": 0.4355716878402904
}