{
    "accuracy": 0.4666666666666667,
    "precision": 0.6064516129032259,
    "recall": 0.4666666666666667,
    "f1_score": 0.5234878240377062
}