{
    "accuracy": 0.2647058823529412,
    "precision": 0.2802768166089966,
    "recall": 0.2647058823529412,
    "f1_score": 0.2704754089953331
}