{
    "accuracy": 0.5833333333333334,
    "precision": 0.5548148148148149,
    "recall": 0.5833333333333334,
    "f1_score": 0.5614892000434168
}