{
    "accuracy": 0.8166666666666667,
    "precision": 0.8373333333333334,
    "recall": 0.8166666666666667,
    "f1_score": 0.8155945419103313
}