{
    "accuracy": 0.25,
    "precision": 0.2738095238095238,
    "recall": 0.25,
    "f1_score": 0.18742368742368742
}