{
    "accuracy": 0.7708333333333334,
    "precision": 0.764102564102564,
    "recall": 0.7708333333333334,
    "f1_score": 0.7641104820723966
}