{
    "accuracy": 0.8666666666666667,
    "precision": 0.9333333333333333,
    "recall": 0.8666666666666667,
    "f1_score": 0.8974358974358975
}