{
    "accuracy": 0.36666666666666664,
    "precision": 0.5011494252873564,
    "recall": 0.36666666666666664,
    "f1_score": 0.42346445824706697
}