{
    "accuracy": 0.43333333333333335,
    "precision": 0.5537500000000001,
    "recall": 0.43333333333333335,
    "f1_score": 0.39664634146341465
}