{
    "accuracy": 0.38333333333333336,
    "precision": 0.7980392156862746,
    "recall": 0.38333333333333336,
    "f1_score": 0.5178197064989517
}