{
    "accuracy": 0.9,
    "precision": 0.9684210526315788,
    "recall": 0.9,
    "f1_score": 0.9266409266409267
}