{
    "accuracy": 0.9833333333333333,
    "precision": 0.9839506172839506,
    "recall": 0.9833333333333333,
    "f1_score": 0.9833661879282831
}