{
    "accuracy": 0.6379310344827587,
    "precision": 0.6048225887056471,
    "recall": 0.6379310344827587,
    "f1_score": 0.6171224732461355
}