{
    "accuracy": 0.65,
    "precision": 0.8924603174603175,
    "recall": 0.65,
    "f1_score": 0.7444444444444444
}