{
    "accuracy": 0.8166666666666667,
    "precision": 0.8276094276094276,
    "recall": 0.8166666666666667,
    "f1_score": 0.8164119662869316
}