{
    "accuracy": 0.36666666666666664,
    "precision": 0.2842028985507246,
    "recall": 0.36666666666666664,
    "f1_score": 0.3066045066045066
}