{
    "accuracy": 0.5666666666666667,
    "precision": 0.5640000000000001,
    "recall": 0.5666666666666667,
    "f1_score": 0.5647058823529412
}