{
    "accuracy": 0.48333333333333334,
    "precision": 0.5076772424598511,
    "recall": 0.48333333333333334,
    "f1_score": 0.4785853522695627
}