{
    "accuracy": 0.71875,
    "precision": 0.7161458333333333,
    "recall": 0.71875,
    "f1_score": 0.7167307692307693
}