{
    "accuracy": 0.6,
    "precision": 0.6555555555555556,
    "recall": 0.6,
    "f1_score": 0.6114285714285714
}