{
    "accuracy": 0.75,
    "precision": 0.7903645833333333,
    "recall": 0.75,
    "f1_score": 0.7651785714285715
}