{
    "accuracy": 0.6842105263157895,
    "precision": 0.7177033492822966,
    "recall": 0.6842105263157895,
    "f1_score": 0.693609022556391
}