{
    "accuracy": 0.5258620689655172,
    "precision": 0.550897024360464,
    "recall": 0.5258620689655172,
    "f1_score": 0.549000755141106,
    "total_num": 232,
    "valid_num": 222,
    "valid_ratio": 0.9568965517241379,
    "valid_acc": 0.5495495495495496
}