{
    "accuracy": 0.3958333333333333,
    "precision": 0.5512820512820513,
    "recall": 0.3958333333333333,
    "f1_score": 0.41164021164021164
}