{
    "accuracy": 0.6307692307692307,
    "precision": 0.7063829787234043,
    "recall": 0.6307692307692307,
    "f1_score": 0.6151182151182151
}