{
    "accuracy": 0.4791666666666667,
    "precision": 0.6366300366300367,
    "recall": 0.4791666666666667,
    "f1_score": 0.4662309368191721
}