{
    "accuracy": 0.5166666666666667,
    "precision": 0.5089080459770116,
    "recall": 0.5166666666666667,
    "f1_score": 0.37949740244049773
}