{
    "accuracy": 0.35,
    "precision": 0.496031746031746,
    "recall": 0.35,
    "f1_score": 0.3407419017763845
}