{
    "accuracy": 0.5833333333333334,
    "precision": 0.6614285714285714,
    "recall": 0.5833333333333334,
    "f1_score": 0.6120588235294118
}