{
    "accuracy": 0.85,
    "precision": 0.8909090909090909,
    "recall": 0.85,
    "f1_score": 0.8476923076923076
}