{
    "accuracy": 0.5625,
    "precision": 0.7250405844155845,
    "recall": 0.5625,
    "f1_score": 0.6328125
}