{
    "accuracy": 0.05172413793103448,
    "precision": 0.7655172413793103,
    "recall": 0.05172413793103448,
    "f1_score": 0.09240358679011446
}