{
    "accuracy": 0.7083333333333334,
    "precision": 0.7459207459207459,
    "recall": 0.7083333333333334,
    "f1_score": 0.7162734422262552
}