{
    "accuracy": 0.95,
    "precision": 0.9659090909090909,
    "recall": 0.95,
    "f1_score": 0.9577777777777778
}