{
    "accuracy": 0.43333333333333335,
    "precision": 0.5164917541229385,
    "recall": 0.43333333333333335,
    "f1_score": 0.46211153682418055
}