{
    "accuracy": 0.5517241379310345,
    "precision": 0.9434482758620689,
    "recall": 0.5517241379310345,
    "f1_score": 0.6956032473273852
}