{
    "accuracy": 0.4,
    "precision": 0.3329192546583851,
    "recall": 0.4,
    "f1_score": 0.3550000000000001
}