{
    "accuracy": 0.6333333333333333,
    "precision": 0.7004385964912281,
    "recall": 0.6333333333333333,
    "f1_score": 0.6418407960199005
}