{
    "accuracy": 0.5333333333333333,
    "precision": 0.5267942583732058,
    "recall": 0.5333333333333333,
    "f1_score": 0.5294947121034077
}