{
    "accuracy": 0.31666666666666665,
    "precision": 0.6185185185185185,
    "recall": 0.31666666666666665,
    "f1_score": 0.35861635220125787
}