{
    "accuracy": 0.5166666666666667,
    "precision": 0.501937984496124,
    "recall": 0.5166666666666667,
    "f1_score": 0.5078090138331103
}