{
    "accuracy": 0.3684210526315789,
    "precision": 0.6239316239316239,
    "recall": 0.3684210526315789,
    "f1_score": 0.4627292212431532
}