{
    "accuracy": 0.5,
    "precision": 0.6962962962962964,
    "recall": 0.5,
    "f1_score": 0.5820105820105819
}