{
    "accuracy": 0.5833333333333334,
    "precision": 0.6385714285714286,
    "recall": 0.5833333333333334,
    "f1_score": 0.6030265339966833
}