{
    "accuracy": 0.5333333333333333,
    "precision": 0.5227906976744187,
    "recall": 0.5333333333333333,
    "f1_score": 0.5180136319376826
}