{
    "accuracy": 0.5,
    "precision": 0.5980392156862745,
    "recall": 0.5,
    "f1_score": 0.542016806722689
}