{
    "accuracy": 0.4166666666666667,
    "precision": 0.4583333333333333,
    "recall": 0.4166666666666667,
    "f1_score": 0.35185185185185186
}