{
    "accuracy": 0.3333333333333333,
    "precision": 0.5833333333333334,
    "recall": 0.3333333333333333,
    "f1_score": 0.4242424242424242
}