{
    "accuracy": 0.5882352941176471,
    "precision": 0.6102941176470589,
    "recall": 0.5882352941176471,
    "f1_score": 0.5910947712418301
}