{
    "accuracy": 0.21666666666666667,
    "precision": 0.37442810457516346,
    "recall": 0.21666666666666667,
    "f1_score": 0.26395256916996046
}