{
    "accuracy": 0.5333333333333333,
    "precision": 0.5508771929824562,
    "recall": 0.5333333333333333,
    "f1_score": 0.5406984126984127
}