{
    "accuracy": 0.48333333333333334,
    "precision": 0.5888888888888888,
    "recall": 0.48333333333333334,
    "f1_score": 0.5231403166341357
}