{
    "accuracy": 0.11666666666666667,
    "precision": 0.5,
    "recall": 0.11666666666666667,
    "f1_score": 0.18656565656565655
}