{
    "accuracy": 0.29411764705882354,
    "precision": 0.34360410830999066,
    "recall": 0.29411764705882354,
    "f1_score": 0.31055363321799306
}