{
    "accuracy": 0.9705882352941176,
    "precision": 0.9719887955182074,
    "recall": 0.9705882352941176,
    "f1_score": 0.9704022530421383
}