{
    "accuracy": 0.4583333333333333,
    "precision": 0.5729166666666666,
    "recall": 0.4583333333333333,
    "f1_score": 0.4583333333333333
}