{
    "accuracy": 0.6,
    "precision": 0.6265970515970516,
    "recall": 0.6,
    "f1_score": 0.6000285877644368
}