{
    "accuracy": 0.5277777777777778,
    "precision": 0.4322916666666667,
    "recall": 0.5277777777777778,
    "f1_score": 0.44008606421714663
}