{
    "accuracy": 0.5646551724137931,
    "precision": 0.5689199085741687,
    "recall": 0.5646551724137931,
    "f1_score": 0.5629609082392494,
    "total_num": 232,
    "valid_num": 232,
    "valid_ratio": 1.0,
    "valid_acc": 0.5646551724137931
}