{
    "accuracy": 0.3103448275862069,
    "precision": 0.44517508687516705,
    "recall": 0.3103448275862069,
    "f1_score": 0.299671592775041
}