{
    "accuracy": 0.7777777777777778,
    "precision": 0.8888888888888888,
    "recall": 0.7777777777777778,
    "f1_score": 0.7962962962962963
}