{
    "accuracy": 0.5,
    "precision": 0.4640000000000001,
    "recall": 0.5,
    "f1_score": 0.43645699614890887
}