{
    "accuracy": 0.4,
    "precision": 0.554074074074074,
    "recall": 0.4,
    "f1_score": 0.3825892857142857
}