{
    "accuracy": 0.5,
    "precision": 0.5339366515837104,
    "recall": 0.5,
    "f1_score": 0.5027808676307007
}