{
    "accuracy": 0.7368421052631579,
    "precision": 0.7270676691729323,
    "recall": 0.7368421052631579,
    "f1_score": 0.7297536771220982
}