subset,VLM,length of dataset,unable to answer percentage,accuracy,precision,recall,f1_score
phi,microsoft/Phi-3.5-vision-instruct,197,2.5380710659898478,0.4947916666666667,0.6482181526284349,0.4947916666666667,0.5035149572649572
