{
    "accuracy": 0.4473684210526316,
    "precision": 0.4440789473684211,
    "recall": 0.4473684210526316,
    "f1_score": 0.445421163903416
}