{
    "accuracy": 0.8448275862068966,
    "precision": 0.9251514445479962,
    "recall": 0.8448275862068966,
    "f1_score": 0.8830881761916245
}