{
    "accuracy": 0.8103448275862069,
    "precision": 0.8742946708463949,
    "recall": 0.8103448275862069,
    "f1_score": 0.827450980392157
}