{
    "accuracy": 0.59375,
    "precision": 0.57421875,
    "recall": 0.59375,
    "f1_score": 0.5690060908084165
}