{
    "accuracy": 0.5333333333333333,
    "precision": 0.6618217054263565,
    "recall": 0.5333333333333333,
    "f1_score": 0.5192577030812324
}