{
    "accuracy": 0.20689655172413793,
    "precision": 0.7940613026819925,
    "recall": 0.20689655172413793,
    "f1_score": 0.3253673163418291
}