{
    "accuracy": 0.55,
    "precision": 0.6647413793103448,
    "recall": 0.55,
    "f1_score": 0.6009608785175017
}