{
    "accuracy": 0.4,
    "precision": 0.6055555555555555,
    "recall": 0.4,
    "f1_score": 0.48126768534238823
}