{
    "accuracy": 0.21666666666666667,
    "precision": 0.315668202764977,
    "recall": 0.21666666666666667,
    "f1_score": 0.22253601483383256
}