{
    "accuracy": 0.42105263157894735,
    "precision": 0.4340080971659919,
    "recall": 0.42105263157894735,
    "f1_score": 0.4080790210821171
}