{
    "accuracy": 0.5625,
    "precision": 0.5555555555555555,
    "recall": 0.5625,
    "f1_score": 0.5588089330024814
}