{
    "accuracy": 0.4375,
    "precision": 0.7641129032258065,
    "recall": 0.4375,
    "f1_score": 0.2994318181818182
}