{
    "accuracy": 0.6333333333333333,
    "precision": 0.6625,
    "recall": 0.6333333333333333,
    "f1_score": 0.6366071428571428
}