{
    "accuracy": 0.5588235294117647,
    "precision": 0.5743944636678201,
    "recall": 0.5588235294117647,
    "f1_score": 0.5622852453971998
}