{
    "accuracy": 0.4666666666666667,
    "precision": 0.5191553544494721,
    "recall": 0.4666666666666667,
    "f1_score": 0.47380952380952385
}