{
    "accuracy": 0.7375,
    "precision": 0.7366666666666667,
    "recall": 0.7375,
    "f1_score": 0.7124031007751939
}