{
    "accuracy": 0.8833333333333333,
    "precision": 0.9096774193548387,
    "recall": 0.8833333333333333,
    "f1_score": 0.8844755244755245
}