{
    "accuracy": 0.29411764705882354,
    "precision": 0.3572037510656436,
    "recall": 0.29411764705882354,
    "f1_score": 0.25146886016451236
}