{
    "accuracy": 0.5,
    "precision": 0.5387731481481483,
    "recall": 0.5,
    "f1_score": 0.5172318720705817
}