{
    "accuracy": 0.6097560975609756,
    "precision": 0.6097560975609756,
    "recall": 0.6097560975609756,
    "f1_score": 0.6097560975609756
}