{
    "accuracy": 0.5625,
    "precision": 0.7781250000000001,
    "recall": 0.5625,
    "f1_score": 0.629695197044335
}