{
    "accuracy": 0.3235294117647059,
    "precision": 0.46366782006920415,
    "recall": 0.3235294117647059,
    "f1_score": 0.354025481160206
}