{
    "accuracy": 0.48333333333333334,
    "precision": 0.5365401987353207,
    "recall": 0.48333333333333334,
    "f1_score": 0.4725794106391122
}