{
    "accuracy": 0.5166666666666667,
    "precision": 0.517760474601409,
    "recall": 0.5166666666666667,
    "f1_score": 0.5170704539125591
}