{
    "accuracy": 0.95,
    "precision": 0.9659722222222222,
    "recall": 0.95,
    "f1_score": 0.9578231292517007
}