{
    "accuracy": 0.029411764705882353,
    "precision": 0.20588235294117646,
    "recall": 0.029411764705882353,
    "f1_score": 0.051470588235294115
}