{
    "accuracy": 0.7368421052631579,
    "precision": 0.8099415204678363,
    "recall": 0.7368421052631579,
    "f1_score": 0.6640795537230172
}