{
    "accuracy": 0.4852941176470588,
    "precision": 0.6968325791855204,
    "recall": 0.4852941176470588,
    "f1_score": 0.4540763673890609
}