length of dataset,ask more questions percentage,accuracy,precision,recall,f1_score
85,88.23529411764706,0.3,0.29166666666666663,0.3,0.29292929292929293
