{
    "accuracy": 0.16666666666666666,
    "precision": 0.6402777777777777,
    "recall": 0.16666666666666666,
    "f1_score": 0.26317460317460317
}