{
    "accuracy": 0.5263157894736842,
    "precision": 0.5548178137651822,
    "recall": 0.5263157894736842,
    "f1_score": 0.5157010172490049
}