{
    "accuracy": 0.4166666666666667,
    "precision": 0.494047619047619,
    "recall": 0.4166666666666667,
    "f1_score": 0.43606138107416886
}