{
    "accuracy": 0.8384615384615385,
    "precision": 0.8560805860805861,
    "recall": 0.8384615384615385,
    "f1_score": 0.8388345181548662
}