{
    "accuracy": 0.7666666666666667,
    "precision": 0.8679710144927536,
    "recall": 0.7666666666666667,
    "f1_score": 0.8139682539682539
}