{
    "accuracy": 0.9565217391304348,
    "precision": 0.958498023715415,
    "recall": 0.9565217391304348,
    "f1_score": 0.9497809234917424
}