{
    "accuracy": 0.47058823529411764,
    "precision": 0.5226244343891402,
    "recall": 0.47058823529411764,
    "f1_score": 0.44955953395851095
}