{
    "accuracy": 0.7166666666666667,
    "precision": 0.7149236192714454,
    "recall": 0.7166666666666667,
    "f1_score": 0.71559312153891
}