{
    "accuracy": 0.5263157894736842,
    "precision": 0.7556390977443609,
    "recall": 0.5263157894736842,
    "f1_score": 0.5463659147869674
}