{
    "accuracy": 0.26666666666666666,
    "precision": 0.5962962962962963,
    "recall": 0.26666666666666666,
    "f1_score": 0.28152944804193647
}