{
    "accuracy": 0.8793103448275862,
    "precision": 0.9145114942528736,
    "recall": 0.8793103448275862,
    "f1_score": 0.8839809363610877
}