{
    "accuracy": 0.38235294117647056,
    "precision": 0.5203619909502263,
    "recall": 0.38235294117647056,
    "f1_score": 0.4377104377104377
}