{
    "accuracy": 0.36666666666666664,
    "precision": 0.2948148148148148,
    "recall": 0.36666666666666664,
    "f1_score": 0.3109649122807018
}