{
    "accuracy": 0.03333333333333333,
    "precision": 0.3333333333333333,
    "recall": 0.03333333333333333,
    "f1_score": 0.06055555555555556
}