{
    "accuracy": 0.4166666666666667,
    "precision": 0.5638513513513513,
    "recall": 0.4166666666666667,
    "f1_score": 0.43745271122320306
}