{
    "accuracy": 0.875,
    "precision": 0.9036931818181819,
    "recall": 0.875,
    "f1_score": 0.8866185897435899
}