{
    "accuracy": 0.75,
    "precision": 0.8645833333333333,
    "recall": 0.75,
    "f1_score": 0.8028846153846154
}