{
    "accuracy": 0.65,
    "precision": 0.7908496732026145,
    "recall": 0.65,
    "f1_score": 0.6058009817045961
}