{
    "accuracy": 0.4166666666666667,
    "precision": 0.52,
    "recall": 0.4166666666666667,
    "f1_score": 0.31058968817536275
}