{
    "accuracy": 0.017241379310344827,
    "precision": 0.35344827586206895,
    "recall": 0.017241379310344827,
    "f1_score": 0.03287890938251804
}