{
    "accuracy": 0.7,
    "precision": 0.7593707250341998,
    "recall": 0.7,
    "f1_score": 0.6854166666666667
}