{
    "accuracy": 0.3103448275862069,
    "precision": 0.5070917371502928,
    "recall": 0.3103448275862069,
    "f1_score": 0.21781966159777255
}