{
    "accuracy": 0.6333333333333333,
    "precision": 0.6501930501930502,
    "recall": 0.6333333333333333,
    "f1_score": 0.6407305936073059
}