{
    "accuracy": 0.65,
    "precision": 0.6418985270049099,
    "recall": 0.65,
    "f1_score": 0.6211657440573103
}