{
    "accuracy": 0.6666666666666666,
    "precision": 0.8303030303030302,
    "recall": 0.6666666666666666,
    "f1_score": 0.6538720538720538
}