{
    "accuracy": 0.8541666666666666,
    "precision": 0.9090909090909092,
    "recall": 0.8541666666666666,
    "f1_score": 0.8654970760233919
}