{
    "accuracy": 0.4791666666666667,
    "precision": 0.575187969924812,
    "recall": 0.4791666666666667,
    "f1_score": 0.49138443256090314
}