{
    "accuracy": 0.48333333333333334,
    "precision": 0.769345238095238,
    "recall": 0.48333333333333334,
    "f1_score": 0.3768597657486546
}