{
    "accuracy": 0.48333333333333334,
    "precision": 0.49360269360269365,
    "recall": 0.48333333333333334,
    "f1_score": 0.48729752770673485
}