{
    "accuracy": 0.38333333333333336,
    "precision": 0.4653846153846154,
    "recall": 0.38333333333333336,
    "f1_score": 0.35044444444444445
}