{
    "accuracy": 0.45,
    "precision": 0.4824122807017544,
    "recall": 0.45,
    "f1_score": 0.4370688012197447
}