{
    "accuracy": 0.4166666666666667,
    "precision": 0.5988529014844806,
    "recall": 0.4166666666666667,
    "f1_score": 0.47406462585034015
}