{
    "accuracy": 0.9666666666666667,
    "precision": 0.9692307692307692,
    "recall": 0.9666666666666667,
    "f1_score": 0.9668571428571427
}