{
    "accuracy": 0.4166666666666667,
    "precision": 0.41919191919191917,
    "recall": 0.4166666666666667,
    "f1_score": 0.4178165774899089
}