{
    "accuracy": 0.6666666666666666,
    "precision": 0.8111111111111111,
    "recall": 0.6666666666666666,
    "f1_score": 0.7166666666666667
}