{
    "accuracy": 0.6666666666666666,
    "precision": 0.8181818181818181,
    "recall": 0.6666666666666666,
    "f1_score": 0.7333333333333334
}