{
    "accuracy": 0.5,
    "precision": 0.7272727272727272,
    "recall": 0.5,
    "f1_score": 0.5333333333333333
}