{
    "accuracy": 0.4166666666666667,
    "precision": 0.5364145658263305,
    "recall": 0.4166666666666667,
    "f1_score": 0.407536231884058
}