{
    "accuracy": 0.48333333333333334,
    "precision": 0.48901515151515157,
    "recall": 0.48333333333333334,
    "f1_score": 0.4539687166035169
}