{
    "accuracy": 0.5263157894736842,
    "precision": 0.5842105263157894,
    "recall": 0.5263157894736842,
    "f1_score": 0.54279176201373
}