{
    "accuracy": 0.5333333333333333,
    "precision": 0.5787202380952382,
    "recall": 0.5333333333333333,
    "f1_score": 0.5411896745230078
}