{
    "accuracy": 0.45,
    "precision": 0.5010135135135135,
    "recall": 0.45,
    "f1_score": 0.4483870967741935
}