{
    "accuracy": 0.4666666666666667,
    "precision": 0.47793845012977376,
    "recall": 0.4666666666666667,
    "f1_score": 0.47025813692480356
}