{
    "accuracy": 0.4166666666666667,
    "precision": 0.49523809523809526,
    "recall": 0.4166666666666667,
    "f1_score": 0.42890442890442887
}