{
    "accuracy": 0.6166666666666667,
    "precision": 0.6180803571428571,
    "recall": 0.6166666666666667,
    "f1_score": 0.6172027972027972
}