{
    "accuracy": 0.45,
    "precision": 0.48457142857142865,
    "recall": 0.45,
    "f1_score": 0.45168102250625175
}