{
    "accuracy": 0.46551724137931033,
    "precision": 0.5695838287752676,
    "recall": 0.46551724137931033,
    "f1_score": 0.5016420361247947
}