{
    "accuracy": 0.4666666666666667,
    "precision": 0.6901098901098901,
    "recall": 0.4666666666666667,
    "f1_score": 0.5555178268251273
}