{
    "accuracy": 0.5833333333333334,
    "precision": 0.8346212121212121,
    "recall": 0.5833333333333334,
    "f1_score": 0.6856209150326797
}