{
    "accuracy": 0.6833333333333333,
    "precision": 0.7067431850789097,
    "recall": 0.6833333333333333,
    "f1_score": 0.6860943934114665
}