{
    "accuracy": 0.55,
    "precision": 0.5703125,
    "recall": 0.55,
    "f1_score": 0.5526315789473684
}