{
    "accuracy": 0.59375,
    "precision": 0.6781250000000001,
    "recall": 0.59375,
    "f1_score": 0.5829433497536946
}