{
    "accuracy": 0.7777777777777778,
    "precision": 0.8321891685736078,
    "recall": 0.7777777777777778,
    "f1_score": 0.8039007092198582
}