{
    "accuracy": 0.48333333333333334,
    "precision": 0.46979166666666666,
    "recall": 0.48333333333333334,
    "f1_score": 0.4534814814814815
}