{
    "accuracy": 0.5833333333333334,
    "precision": 0.6169590643274854,
    "recall": 0.5833333333333334,
    "f1_score": 0.4707591259315397
}