{
    "accuracy": 0.47368421052631576,
    "precision": 0.5939849624060151,
    "recall": 0.47368421052631576,
    "f1_score": 0.48245614035087714
}