{
    "accuracy": 0.8125,
    "precision": 0.8493589743589743,
    "recall": 0.8125,
    "f1_score": 0.8277777777777777
}