{
    "accuracy": 0.43333333333333335,
    "precision": 0.4589285714285714,
    "recall": 0.43333333333333335,
    "f1_score": 0.4383928571428572
}