{
    "accuracy": 0.7666666666666667,
    "precision": 0.8020757020757021,
    "recall": 0.7666666666666667,
    "f1_score": 0.7613876319758671
}