{
    "accuracy": 0.7,
    "precision": 0.7143550893550894,
    "recall": 0.7,
    "f1_score": 0.7066993464052288
}