{
    "accuracy": 0.6111111111111112,
    "precision": 0.7654320987654321,
    "recall": 0.6111111111111112,
    "f1_score": 0.6436269044964698
}