{
    "accuracy": 0.6944444444444444,
    "precision": 0.8541666666666666,
    "recall": 0.6944444444444444,
    "f1_score": 0.7559139784946237
}