{
    "accuracy": 0.6,
    "precision": 0.6804368471035137,
    "recall": 0.6,
    "f1_score": 0.6373299853525842
}