{
    "accuracy": 0.47368421052631576,
    "precision": 0.6150375939849625,
    "recall": 0.47368421052631576,
    "f1_score": 0.5
}