{
    "accuracy": 0.5416666666666666,
    "precision": 0.5943304007820137,
    "recall": 0.5416666666666666,
    "f1_score": 0.564373897707231
}