{
    "accuracy": 0.8333333333333334,
    "precision": 0.8438596491228071,
    "recall": 0.8333333333333334,
    "f1_score": 0.8212454212454213
}