{
    "accuracy": 0.78125,
    "precision": 0.7849702380952381,
    "recall": 0.78125,
    "f1_score": 0.7823448448448449
}