{
    "accuracy": 0.675,
    "precision": 0.7241143317230275,
    "recall": 0.675,
    "f1_score": 0.7157457415870377,
    "total_num": 120,
    "valid_num": 114,
    "valid_ratio": 0.95,
    "valid_acc": 0.7105263157894737
}