{
    "accuracy": 0.8620689655172413,
    "precision": 0.8680717668245181,
    "recall": 0.8620689655172413,
    "f1_score": 0.8519928347514555
}