{
    "accuracy": 0.5833333333333334,
    "precision": 0.5799441786283892,
    "recall": 0.5833333333333334,
    "f1_score": 0.5814814814814814
}