{
    "accuracy": 0.8,
    "precision": 0.9333333333333333,
    "recall": 0.8,
    "f1_score": 0.8555555555555556
}