{
    "accuracy": 0.55,
    "precision": 0.5861607142857144,
    "recall": 0.55,
    "f1_score": 0.5556643356643356
}