{
    "accuracy": 0.5,
    "precision": 0.5267857142857142,
    "recall": 0.5,
    "f1_score": 0.5044642857142857
}