{
    "accuracy": 0.5,
    "precision": 0.6916666666666668,
    "recall": 0.5,
    "f1_score": 0.5034195658638121
}