{
    "accuracy": 0.7166666666666667,
    "precision": 0.8230019493177387,
    "recall": 0.7166666666666667,
    "f1_score": 0.7303434343434343
}