{
    "accuracy": 0.5294117647058824,
    "precision": 0.4937782805429864,
    "recall": 0.5294117647058824,
    "f1_score": 0.4959311787956289
}