{
    "accuracy": 0.4166666666666667,
    "precision": 0.5,
    "recall": 0.4166666666666667,
    "f1_score": 0.45032258064516134
}