{
    "accuracy": 0.40625,
    "precision": 0.1650390625,
    "recall": 0.40625,
    "f1_score": 0.2347222222222222
}