{
    "accuracy": 0.48333333333333334,
    "precision": 0.4894927536231884,
    "recall": 0.48333333333333334,
    "f1_score": 0.44429629629629624
}