{
    "accuracy": 0.7333333333333333,
    "precision": 0.7380090497737556,
    "recall": 0.7333333333333333,
    "f1_score": 0.7348571428571429
}