{
    "accuracy": 0.5666666666666667,
    "precision": 0.5595848595848596,
    "recall": 0.5666666666666667,
    "f1_score": 0.5625199362041469
}