{
    "accuracy": 0.4722222222222222,
    "precision": 0.5079365079365079,
    "recall": 0.4722222222222222,
    "f1_score": 0.47765412471294827
}