{
    "accuracy": 0.9642857142857143,
    "precision": 0.9656084656084655,
    "recall": 0.9642857142857143,
    "f1_score": 0.958670260557053
}