{
    "accuracy": 0.5,
    "precision": 0.503337041156841,
    "recall": 0.5,
    "f1_score": 0.5011160714285714
}