{
    "accuracy": 0.5862068965517241,
    "precision": 0.7770935960591132,
    "recall": 0.5862068965517241,
    "f1_score": 0.6680599094392198
}