{
    "accuracy": 0.45,
    "precision": 0.49106334841628957,
    "recall": 0.45,
    "f1_score": 0.4550543024227235
}