{
    "accuracy": 0.43333333333333335,
    "precision": 0.5083333333333333,
    "recall": 0.43333333333333335,
    "f1_score": 0.3861111111111111
}