{
    "accuracy": 0.5,
    "precision": 0.48397435897435903,
    "recall": 0.5,
    "f1_score": 0.48349229640498903
}