{
    "accuracy": 0.5789473684210527,
    "precision": 0.8157894736842105,
    "recall": 0.5789473684210527,
    "f1_score": 0.6075715604801477
}