{
    "accuracy": 0.3611111111111111,
    "precision": 0.4804964539007092,
    "recall": 0.3611111111111111,
    "f1_score": 0.44558844558844557,
    "total_num": 108,
    "valid_num": 91,
    "valid_ratio": 0.8425925925925926,
    "valid_acc": 0.42857142857142855
}