{
    "accuracy": 0.65,
    "precision": 0.6525714285714287,
    "recall": 0.65,
    "f1_score": 0.6511066398390342
}