{
    "accuracy": 0.875,
    "precision": 0.765625,
    "recall": 0.875,
    "f1_score": 0.8166666666666667
}