{
    "accuracy": 0.2,
    "precision": 0.5599999999999999,
    "recall": 0.2,
    "f1_score": 0.2898550724637681
}