{
    "accuracy": 0.55,
    "precision": 0.5694749694749695,
    "recall": 0.55,
    "f1_score": 0.5402421852999154
}