{
    "accuracy": 0.43333333333333335,
    "precision": 0.4777777777777778,
    "recall": 0.43333333333333335,
    "f1_score": 0.40095238095238095
}