{
    "accuracy": 0.8444444444444444,
    "precision": 0.9708333333333333,
    "recall": 0.8444444444444444,
    "f1_score": 0.9003641939812153
}