{
    "accuracy": 0.4870689655172414,
    "precision": 0.4755539319239505,
    "recall": 0.4870689655172414,
    "f1_score": 0.46096753194299905,
    "total_num": 232,
    "valid_num": 232,
    "valid_ratio": 1.0,
    "valid_acc": 0.4870689655172414
}