{
    "accuracy": 0.1111111111111111,
    "precision": 0.5185185185185185,
    "recall": 0.1111111111111111,
    "f1_score": 0.1830065359477124
}