{
    "accuracy": 0.7413793103448276,
    "precision": 0.7207614942528736,
    "recall": 0.7413793103448276,
    "f1_score": 0.7180248826897413
}