{
    "accuracy": 0.47368421052631576,
    "precision": 0.47368421052631576,
    "recall": 0.47368421052631576,
    "f1_score": 0.47368421052631576
}