{
    "accuracy": 0.3333333333333333,
    "precision": 0.303030303030303,
    "recall": 0.3333333333333333,
    "f1_score": 0.2962962962962962
}