{
    "accuracy": 0.38235294117647056,
    "precision": 0.6213903743315508,
    "recall": 0.38235294117647056,
    "f1_score": 0.47153700189753317
}