{
    "accuracy": 0.29411764705882354,
    "precision": 0.9019607843137255,
    "recall": 0.29411764705882354,
    "f1_score": 0.4294117647058823
}