{
    "accuracy": 0.4,
    "precision": 0.41705948372615037,
    "recall": 0.4,
    "f1_score": 0.40685714285714286
}