{
    "accuracy": 0.4166666666666667,
    "precision": 0.5833333333333334,
    "recall": 0.4166666666666667,
    "f1_score": 0.4780701754385965
}