{
    "accuracy": 0.3333333333333333,
    "precision": 0.47824397824397824,
    "recall": 0.3333333333333333,
    "f1_score": 0.35692049808429116
}