{
    "accuracy": 0.9833333333333333,
    "precision": 0.984,
    "recall": 0.9833333333333333,
    "f1_score": 0.9833860304685254
}