{
    "accuracy": 0.7413793103448276,
    "precision": 0.8800481515998758,
    "recall": 0.7413793103448276,
    "f1_score": 0.802372023537303
}