{
    "accuracy": 0.10526315789473684,
    "precision": 0.2736842105263158,
    "recall": 0.10526315789473684,
    "f1_score": 0.15204678362573099
}