{
    "accuracy": 0.3,
    "precision": 0.39838056680161943,
    "recall": 0.3,
    "f1_score": 0.34222222222222226
}