{
    "accuracy": 0.7166666666666667,
    "precision": 0.73125,
    "recall": 0.7166666666666667,
    "f1_score": 0.7138927738927738
}