{
    "accuracy": 0.8651685393258427,
    "precision": 0.8644170116301991,
    "recall": 0.8651685393258427,
    "f1_score": 0.8643294907339851
}