{
    "accuracy": 0.03333333333333333,
    "precision": 0.24166666666666667,
    "recall": 0.03333333333333333,
    "f1_score": 0.05858585858585859
}