{
    "accuracy": 0.5666666666666667,
    "precision": 0.7446153846153846,
    "recall": 0.5666666666666667,
    "f1_score": 0.6428152492668622
}