{
    "accuracy": 0.4,
    "precision": 0.4389162561576355,
    "recall": 0.4,
    "f1_score": 0.4153846153846154
}