{
    "accuracy": 0.4166666666666667,
    "precision": 0.41829268292682925,
    "recall": 0.4166666666666667,
    "f1_score": 0.4044401544401544
}