{
    "accuracy": 0.95,
    "precision": 0.96625,
    "recall": 0.95,
    "f1_score": 0.9580246913580247
}