{
    "accuracy": 0.3541666666666667,
    "precision": 0.5047619047619047,
    "recall": 0.3541666666666667,
    "f1_score": 0.33426704014939307
}