{
    "accuracy": 0.29411764705882354,
    "precision": 0.47829131652661067,
    "recall": 0.29411764705882354,
    "f1_score": 0.36055363321799305
}