{
    "accuracy": 0.38235294117647056,
    "precision": 0.397923875432526,
    "recall": 0.38235294117647056,
    "f1_score": 0.3871993435560798
}