{
    "accuracy": 0.59375,
    "precision": 0.3525390625,
    "recall": 0.59375,
    "f1_score": 0.4424019607843137
}