{
    "accuracy": 0.2,
    "precision": 0.22857142857142856,
    "recall": 0.2,
    "f1_score": 0.21333333333333335
}