{
    "accuracy": 0.3958333333333333,
    "precision": 0.501010101010101,
    "recall": 0.3958333333333333,
    "f1_score": 0.3913735707048777
}