{
    "accuracy": 0.4666666666666667,
    "precision": 0.47407407407407404,
    "recall": 0.4666666666666667,
    "f1_score": 0.46190476190476193
}