{
    "accuracy": 0.5833333333333334,
    "precision": 0.6206509539842873,
    "recall": 0.5833333333333334,
    "f1_score": 0.5943845331778879
}