{
    "accuracy": 0.4666666666666667,
    "precision": 0.48205128205128206,
    "recall": 0.4666666666666667,
    "f1_score": 0.3866666666666667
}