{
    "accuracy": 0.38235294117647056,
    "precision": 0.5241830065359477,
    "recall": 0.38235294117647056,
    "f1_score": 0.4272445820433437
}