{
    "accuracy": 0.08333333333333333,
    "precision": 0.4472222222222222,
    "recall": 0.08333333333333333,
    "f1_score": 0.11350337584396099
}