{
    "accuracy": 0.25,
    "precision": 0.3900793650793651,
    "recall": 0.25,
    "f1_score": 0.2653086419753086
}