{
    "accuracy": 0.47368421052631576,
    "precision": 0.5607655502392346,
    "recall": 0.47368421052631576,
    "f1_score": 0.5135566188197768
}