{
    "accuracy": 0.29310344827586204,
    "precision": 0.08590963139120095,
    "recall": 0.29310344827586204,
    "f1_score": 0.1328735632183908
}