{
    "accuracy": 0.39655172413793105,
    "precision": 0.8027188328912467,
    "recall": 0.39655172413793105,
    "f1_score": 0.32491201207906684
}