{
    "accuracy": 0.5333333333333333,
    "precision": 0.5533333333333332,
    "recall": 0.5333333333333333,
    "f1_score": 0.5380471380471381
}