{
    "accuracy": 0.5166666666666667,
    "precision": 0.6402618657937807,
    "recall": 0.5166666666666667,
    "f1_score": 0.48151767749353264
}