{
    "accuracy": 0.48333333333333334,
    "precision": 0.49166666666666664,
    "recall": 0.48333333333333334,
    "f1_score": 0.34242424242424246
}