{
    "accuracy": 0.08333333333333333,
    "precision": 0.4583333333333333,
    "recall": 0.08333333333333333,
    "f1_score": 0.14080459770114942
}