{
    "accuracy": 0.6538461538461539,
    "precision": 0.6507803790412485,
    "recall": 0.6538461538461539,
    "f1_score": 0.6474886192281528
}