{
    "accuracy": 0.5166666666666667,
    "precision": 0.5789473684210527,
    "recall": 0.5166666666666667,
    "f1_score": 0.5140916808149405
}