{
    "accuracy": 0.31666666666666665,
    "precision": 0.5826388888888888,
    "recall": 0.31666666666666665,
    "f1_score": 0.406516290726817
}