{
    "accuracy": 0.15517241379310345,
    "precision": 0.3364121510673235,
    "recall": 0.15517241379310345,
    "f1_score": 0.18548398756596546
}