{
    "accuracy": 0.5333333333333333,
    "precision": 0.5443084909158326,
    "recall": 0.5333333333333333,
    "f1_score": 0.5364758698092031
}