{
    "accuracy": 0.10526315789473684,
    "precision": 0.3157894736842105,
    "recall": 0.10526315789473684,
    "f1_score": 0.152198678514468
}