{
    "accuracy": 0.5833333333333334,
    "precision": 0.7661064425770308,
    "recall": 0.5833333333333334,
    "f1_score": 0.5768115942028985
}