{
    "accuracy": 0.31666666666666665,
    "precision": 0.34584139264990327,
    "recall": 0.31666666666666665,
    "f1_score": 0.2711417440815103
}