{
    "accuracy": 0.5,
    "precision": 0.562111801242236,
    "recall": 0.5,
    "f1_score": 0.4652777777777778
}