{
    "accuracy": 0.23333333333333334,
    "precision": 0.47803030303030297,
    "recall": 0.23333333333333334,
    "f1_score": 0.3106292517006803
}