{
    "accuracy": 0.3953488372093023,
    "precision": 0.3987549917782476,
    "recall": 0.3953488372093023,
    "f1_score": 0.3774898943665592,
    "total_num": 43,
    "valid_num": 43,
    "valid_ratio": 1.0,
    "valid_acc": 0.3953488372093023
}