{
    "accuracy": 0.4666666666666667,
    "precision": 0.5482692307692308,
    "recall": 0.4666666666666667,
    "f1_score": 0.4667704206753443
}