{
    "accuracy": 0.55,
    "precision": 0.5207792207792207,
    "recall": 0.55,
    "f1_score": 0.4994464343861934
}