{
    "accuracy": 0.25862068965517243,
    "precision": 0.3629086430810568,
    "recall": 0.25862068965517243,
    "f1_score": 0.2407215170358189
}