{
    "accuracy": 0.4666666666666667,
    "precision": 0.4066666666666666,
    "recall": 0.4666666666666667,
    "f1_score": 0.3988874625588361
}