{
    "accuracy": 0.9333333333333333,
    "precision": 0.9507101086048454,
    "recall": 0.9333333333333333,
    "f1_score": 0.9414217219095268
}