{
    "accuracy": 0.4444444444444444,
    "precision": 0.7037037037037037,
    "recall": 0.4444444444444444,
    "f1_score": 0.4722222222222222
}