{
    "accuracy": 0.38333333333333336,
    "precision": 0.4222222222222223,
    "recall": 0.38333333333333336,
    "f1_score": 0.3502131287297528
}