{
    "accuracy": 0.5789473684210527,
    "precision": 0.8045112781954887,
    "recall": 0.5789473684210527,
    "f1_score": 0.5970481759955444
}