{
    "accuracy": 0.5,
    "precision": 0.4896296296296296,
    "recall": 0.5,
    "f1_score": 0.4665071770334928
}