{
    "accuracy": 0.6444444444444445,
    "precision": 0.6476943346508565,
    "recall": 0.6444444444444445,
    "f1_score": 0.6447957839262187
}