{
    "accuracy": 0.6666666666666666,
    "precision": 0.8055555555555556,
    "recall": 0.6666666666666666,
    "f1_score": 0.634768740031898
}