{
    "accuracy": 0.5666666666666667,
    "precision": 0.6684848484848485,
    "recall": 0.5666666666666667,
    "f1_score": 0.4741906064751482
}