{
    "accuracy": 0.7333333333333333,
    "precision": 0.7378151260504201,
    "recall": 0.7333333333333333,
    "f1_score": 0.7295546558704454
}