{
    "accuracy": 0.90625,
    "precision": 0.9080995882655687,
    "recall": 0.90625,
    "f1_score": 0.9043466223698782
}