{
    "accuracy": 0.43333333333333335,
    "precision": 0.4679012345679013,
    "recall": 0.43333333333333335,
    "f1_score": 0.3341666666666666
}