{
    "accuracy": 0.5581395348837209,
    "precision": 0.6169133192389006,
    "recall": 0.5581395348837209,
    "f1_score": 0.5584711685942876,
    "total_num": 43,
    "valid_num": 43,
    "valid_ratio": 1.0,
    "valid_acc": 0.5581395348837209
}