{
    "accuracy": 0.8793103448275862,
    "precision": 0.8777196223316913,
    "recall": 0.8793103448275862,
    "f1_score": 0.8782087598041066
}