{
    "accuracy": 0.5333333333333333,
    "precision": 0.49777777777777776,
    "recall": 0.5333333333333333,
    "f1_score": 0.5069747539580659
}