{
    "accuracy": 0.4166666666666667,
    "precision": 0.464080459770115,
    "recall": 0.4166666666666667,
    "f1_score": 0.27249538695321823
}