{
    "accuracy": 0.65625,
    "precision": 0.6609623015873015,
    "recall": 0.65625,
    "f1_score": 0.6579704704704705
}