{
    "accuracy": 0.45,
    "precision": 0.4608453837597331,
    "recall": 0.45,
    "f1_score": 0.452297410192147
}