{
    "accuracy": 0.5588235294117647,
    "precision": 0.6372549019607843,
    "recall": 0.5588235294117647,
    "f1_score": 0.5661764705882353
}