{
    "accuracy": 0.36666666666666664,
    "precision": 0.5348111658456486,
    "recall": 0.36666666666666664,
    "f1_score": 0.42484848484848486
}