{
    "accuracy": 0.5166666666666667,
    "precision": 0.5360119047619047,
    "recall": 0.5166666666666667,
    "f1_score": 0.522847399829497
}