{
    "accuracy": 0.25,
    "precision": 0.8074074074074074,
    "recall": 0.25,
    "f1_score": 0.34226884226884224
}