{
    "accuracy": 0.45,
    "precision": 0.45305429864253394,
    "recall": 0.45,
    "f1_score": 0.4514066496163683
}