{
    "accuracy": 0.5833333333333334,
    "precision": 0.6394950791613179,
    "recall": 0.5833333333333334,
    "f1_score": 0.5710128602271661
}