{
    "accuracy": 0.5,
    "precision": 0.5230263157894737,
    "recall": 0.5,
    "f1_score": 0.5044162129461585
}