{
    "accuracy": 0.4666666666666667,
    "precision": 0.6192307692307693,
    "recall": 0.4666666666666667,
    "f1_score": 0.3952153110047847
}