{
    "accuracy": 0.5,
    "precision": 0.5448717948717948,
    "recall": 0.5,
    "f1_score": 0.49138804457953394
}