{
    "accuracy": 0.6333333333333333,
    "precision": 0.7748538011695907,
    "recall": 0.6333333333333333,
    "f1_score": 0.5331262939958593
}