{
    "accuracy": 0.7833333333333333,
    "precision": 0.8520325203252033,
    "recall": 0.7833333333333333,
    "f1_score": 0.7761295822676897
}