{
    "accuracy": 0.6481481481481481,
    "precision": 0.7410004675081815,
    "recall": 0.6481481481481481,
    "f1_score": 0.6560590337830048,
    "total_num": 108,
    "valid_num": 108,
    "valid_ratio": 1.0,
    "valid_acc": 0.6481481481481481
}