{
    "accuracy": 0.5666666666666667,
    "precision": 0.5972222222222221,
    "recall": 0.5666666666666667,
    "f1_score": 0.5815326130452181
}