{
    "accuracy": 0.8166666666666667,
    "precision": 0.8157461809635722,
    "recall": 0.8166666666666667,
    "f1_score": 0.8159720198192947
}