{
    "accuracy": 0.5,
    "precision": 0.5928030303030304,
    "recall": 0.5,
    "f1_score": 0.49069884364002014
}