{
    "accuracy": 0.35,
    "precision": 0.5708333333333333,
    "recall": 0.35,
    "f1_score": 0.42527777777777775
}