{
    "accuracy": 0.5263157894736842,
    "precision": 0.8105263157894737,
    "recall": 0.5263157894736842,
    "f1_score": 0.5024325519681557
}