{
    "accuracy": 0.5333333333333333,
    "precision": 0.6069803921568628,
    "recall": 0.5333333333333333,
    "f1_score": 0.5452380952380952
}