{
    "accuracy": 0.6166666666666667,
    "precision": 0.6432380952380953,
    "recall": 0.6166666666666667,
    "f1_score": 0.6157080670556636
}