{
    "accuracy": 0.34210526315789475,
    "precision": 0.34912280701754383,
    "recall": 0.34210526315789475,
    "f1_score": 0.34347302768355403
}