{
    "accuracy": 0.36666666666666664,
    "precision": 0.581954887218045,
    "recall": 0.36666666666666664,
    "f1_score": 0.44363636363636366
}