{
    "accuracy": 0.6166666666666667,
    "precision": 0.6083333333333333,
    "recall": 0.6166666666666667,
    "f1_score": 0.6081481481481481
}