{
    "accuracy": 0.5833333333333334,
    "precision": 0.5709219858156028,
    "recall": 0.5833333333333334,
    "f1_score": 0.5473251028806584
}