{
    "accuracy": 0.36666666666666664,
    "precision": 0.3962732919254658,
    "recall": 0.36666666666666664,
    "f1_score": 0.32685714285714285
}