{
    "accuracy": 0.5666666666666667,
    "precision": 0.6271041898405636,
    "recall": 0.5666666666666667,
    "f1_score": 0.5817129629629628
}