{
    "accuracy": 0.6842105263157895,
    "precision": 0.46814404432132967,
    "recall": 0.6842105263157895,
    "f1_score": 0.555921052631579
}