length of dataset,ask more questions percentage,accuracy,precision,recall,f1_score
76,0.0,0.23684210526315788,0.43614551083591335,0.23684210526315788,0.30688138256087977
