{
    "accuracy": 0.5526315789473685,
    "precision": 0.5307017543859649,
    "recall": 0.5526315789473685,
    "f1_score": 0.43490304709141275
}