{
    "accuracy": 0.5166666666666667,
    "precision": 0.526031746031746,
    "recall": 0.5166666666666667,
    "f1_score": 0.505862216516902
}