{
    "accuracy": 0.9375,
    "precision": 0.9583333333333334,
    "recall": 0.9375,
    "f1_score": 0.9425925925925925
}