{
    "accuracy": 0.43333333333333335,
    "precision": 0.4772649572649572,
    "recall": 0.43333333333333335,
    "f1_score": 0.4342640692640692
}