{
    "accuracy": 0.4166666666666667,
    "precision": 0.5727272727272726,
    "recall": 0.4166666666666667,
    "f1_score": 0.3835294117647059
}