{
    "accuracy": 0.21666666666666667,
    "precision": 0.3878787878787879,
    "recall": 0.21666666666666667,
    "f1_score": 0.26224489795918365
}