{
    "accuracy": 0.45,
    "precision": 0.4516968325791855,
    "recall": 0.45,
    "f1_score": 0.44770258980785294
}