{
    "accuracy": 0.4,
    "precision": 0.4162037037037037,
    "recall": 0.4,
    "f1_score": 0.39666295884315905
}