{
    "accuracy": 0.4666666666666667,
    "precision": 0.5869047619047619,
    "recall": 0.4666666666666667,
    "f1_score": 0.417967967967968
}