{
    "accuracy": 0.55,
    "precision": 0.5520089285714285,
    "recall": 0.55,
    "f1_score": 0.5496248958043901
}