{
    "accuracy": 0.6666666666666666,
    "precision": 0.6887749287749287,
    "recall": 0.6666666666666666,
    "f1_score": 0.6735121328224776
}