{
    "accuracy": 0.48333333333333334,
    "precision": 0.5126984126984127,
    "recall": 0.48333333333333334,
    "f1_score": 0.47393939393939394
}