{
    "accuracy": 0.5166666666666667,
    "precision": 0.4817610062893082,
    "recall": 0.5166666666666667,
    "f1_score": 0.43137254901960786
}