{
    "accuracy": 0.55,
    "precision": 0.5424641148325359,
    "recall": 0.55,
    "f1_score": 0.5448848732148062
}