{
    "accuracy": 0.8125,
    "precision": 0.7583333333333333,
    "recall": 0.8125,
    "f1_score": 0.7844827586206897
}