{
    "accuracy": 0.85,
    "precision": 0.8615039281705948,
    "recall": 0.85,
    "f1_score": 0.8497916087802168
}