{
    "accuracy": 0.3,
    "precision": 0.4666666666666667,
    "recall": 0.3,
    "f1_score": 0.25390070921985813
}