{
    "accuracy": 0.43333333333333335,
    "precision": 0.5643274853801169,
    "recall": 0.43333333333333335,
    "f1_score": 0.30530594779632003
}