{
    "accuracy": 0.375,
    "precision": 0.49074074074074076,
    "recall": 0.375,
    "f1_score": 0.3531468531468531
}