{
    "accuracy": 0.47058823529411764,
    "precision": 0.419683257918552,
    "recall": 0.47058823529411764,
    "f1_score": 0.43292257614508256
}