{
    "accuracy": 0.4791666666666667,
    "precision": 0.6309523809523809,
    "recall": 0.4791666666666667,
    "f1_score": 0.5
}