{
    "accuracy": 0.48333333333333334,
    "precision": 0.44180581323438467,
    "recall": 0.48333333333333334,
    "f1_score": 0.4249446027223805
}