{
    "accuracy": 0.5862068965517241,
    "precision": 0.7471264367816091,
    "recall": 0.5862068965517241,
    "f1_score": 0.623342175066313
}