{
    "accuracy": 0.5208333333333334,
    "precision": 0.8364389233954451,
    "recall": 0.5208333333333334,
    "f1_score": 0.6345191040843216
}