{
    "accuracy": 0.31666666666666665,
    "precision": 0.594298245614035,
    "recall": 0.31666666666666665,
    "f1_score": 0.4036796536796537
}