{
    "accuracy": 0.5789473684210527,
    "precision": 0.5350877192982456,
    "recall": 0.5789473684210527,
    "f1_score": 0.5518796992481204
}