{
    "accuracy": 0.7307692307692307,
    "precision": 0.7595856156227675,
    "recall": 0.7307692307692307,
    "f1_score": 0.7014206514206514
}