{
    "accuracy": 0.8333333333333334,
    "precision": 0.8333333333333334,
    "recall": 0.8333333333333334,
    "f1_score": 0.8263305322128852
}