{
    "accuracy": 0.5526315789473685,
    "precision": 0.5614035087719299,
    "recall": 0.5526315789473685,
    "f1_score": 0.5535616588248168
}