{
    "accuracy": 0.8833333333333333,
    "precision": 0.9329629629629629,
    "recall": 0.8833333333333333,
    "f1_score": 0.9059944968553459
}