{
    "accuracy": 0.46875,
    "precision": 0.5403645833333334,
    "recall": 0.46875,
    "f1_score": 0.43950200200200196
}