{
    "accuracy": 0.16666666666666666,
    "precision": 0.4194444444444444,
    "recall": 0.16666666666666666,
    "f1_score": 0.23586474501108648
}