{
    "accuracy": 0.53125,
    "precision": 0.6598557692307693,
    "recall": 0.53125,
    "f1_score": 0.5817418981481481
}