{
    "accuracy": 0.6842105263157895,
    "precision": 0.6408668730650156,
    "recall": 0.6842105263157895,
    "f1_score": 0.6263157894736843
}