length of dataset,ask more questions percentage,accuracy,precision,recall,f1_score
85,84.70588235294117,0.38461538461538464,0.5384615384615384,0.38461538461538464,0.4334554334554334
