{
    "accuracy": 0.26666666666666666,
    "precision": 0.5515151515151515,
    "recall": 0.26666666666666666,
    "f1_score": 0.3443452380952381
}