{
    "accuracy": 0.26851851851851855,
    "precision": 0.3361111111111111,
    "recall": 0.26851851851851855,
    "f1_score": 0.2687356727208605,
    "total_num": 108,
    "valid_num": 107,
    "valid_ratio": 0.9907407407407407,
    "valid_acc": 0.27102803738317754
}