{
    "accuracy": 0.6666666666666666,
    "precision": 0.6904761904761904,
    "recall": 0.6666666666666666,
    "f1_score": 0.674074074074074
}