{
    "accuracy": 0.31666666666666665,
    "precision": 0.5068597560975611,
    "recall": 0.31666666666666665,
    "f1_score": 0.31242659149635893
}