length of dataset,ask more questions percentage,accuracy,precision,recall,f1_score
44,9.090909090909092,0.425,0.46056547619047616,0.425,0.4420454545454545
