{
    "accuracy": 0.5,
    "precision": 0.2627118644067796,
    "recall": 0.5,
    "f1_score": 0.3444444444444444
}