{
    "accuracy": 0.45,
    "precision": 0.45108695652173914,
    "recall": 0.45,
    "f1_score": 0.44895652173913037
}