{
    "accuracy": 0.5,
    "precision": 0.6799307958477508,
    "recall": 0.5,
    "f1_score": 0.4930890388942462
}