{
    "accuracy": 0.20930232558139536,
    "precision": 0.23220035778175313,
    "recall": 0.20930232558139536,
    "f1_score": 0.199656117036778,
    "total_num": 43,
    "valid_num": 42,
    "valid_ratio": 0.9767441860465116,
    "valid_acc": 0.21428571428571427
}