{
    "accuracy": 0.36666666666666664,
    "precision": 0.3631975867269985,
    "recall": 0.36666666666666664,
    "f1_score": 0.36453423120089784
}