{
    "accuracy": 0.6551724137931034,
    "precision": 0.49744572158365263,
    "recall": 0.6551724137931034,
    "f1_score": 0.5655172413793104
}