length of dataset,ask more questions percentage,accuracy,precision,recall,f1_score
85,89.41176470588236,0.4444444444444444,0.6277777777777778,0.4444444444444444,0.48773448773448774
