{
    "accuracy": 0.5333333333333333,
    "precision": 0.5737373737373737,
    "recall": 0.5333333333333333,
    "f1_score": 0.5385416666666667
}