{
    "accuracy": 0.4411764705882353,
    "precision": 0.5811051693404634,
    "recall": 0.4411764705882353,
    "f1_score": 0.5015126050420169
}