{
    "accuracy": 0.8333333333333334,
    "precision": 0.9166666666666666,
    "recall": 0.8333333333333334,
    "f1_score": 0.851851851851852
}