{
    "accuracy": 0.5833333333333334,
    "precision": 0.5810185185185186,
    "recall": 0.5833333333333334,
    "f1_score": 0.5820159049535307
}