{
    "accuracy": 0.5333333333333333,
    "precision": 0.5316217372700043,
    "recall": 0.5333333333333333,
    "f1_score": 0.5171296296296296
}