{
    "accuracy": 0.6,
    "precision": 0.6116959064327486,
    "recall": 0.6,
    "f1_score": 0.5980952380952381
}