{
    "accuracy": 0.5263157894736842,
    "precision": 0.4276315789473684,
    "recall": 0.5263157894736842,
    "f1_score": 0.471869328493648
}