{
    "accuracy": 0.40625,
    "precision": 0.46623883928571425,
    "recall": 0.40625,
    "f1_score": 0.42796499477533967
}