{
    "accuracy": 0.6666666666666666,
    "precision": 0.4444444444444444,
    "recall": 0.6666666666666666,
    "f1_score": 0.5333333333333333
}