{
    "accuracy": 0.7166666666666667,
    "precision": 0.7127086007702182,
    "recall": 0.7166666666666667,
    "f1_score": 0.7093929326487466
}