{
    "accuracy": 0.3333333333333333,
    "precision": 0.4659090909090909,
    "recall": 0.3333333333333333,
    "f1_score": 0.35666666666666663
}