{
    "accuracy": 0.5344827586206896,
    "precision": 0.5362387197963312,
    "recall": 0.5344827586206896,
    "f1_score": 0.5281318325939778,
    "total_num": 232,
    "valid_num": 231,
    "valid_ratio": 0.9956896551724138,
    "valid_acc": 0.5367965367965368
}