{
    "accuracy": 0.625,
    "precision": 0.90625,
    "recall": 0.625,
    "f1_score": 0.6863636363636364
}