{
    "accuracy": 0.4473684210526316,
    "precision": 0.47514619883040937,
    "recall": 0.4473684210526316,
    "f1_score": 0.31816415526099906
}