{
    "accuracy": 0.3333333333333333,
    "precision": 0.6026190476190476,
    "recall": 0.3333333333333333,
    "f1_score": 0.4197463768115942
}