{
    "accuracy": 0.6833333333333333,
    "precision": 0.7797430830039526,
    "recall": 0.6833333333333333,
    "f1_score": 0.668487674883411
}