{
    "accuracy": 0.6875,
    "precision": 0.7265432098765432,
    "recall": 0.6875,
    "f1_score": 0.7008788449466415
}