{
    "accuracy": 0.4,
    "precision": 0.7857142857142857,
    "recall": 0.4,
    "f1_score": 0.4311111111111111
}