{
    "accuracy": 0.4666666666666667,
    "precision": 0.4805555555555555,
    "recall": 0.4666666666666667,
    "f1_score": 0.4156299840510366
}