{
    "accuracy": 0.6666666666666666,
    "precision": 0.6726190476190477,
    "recall": 0.6666666666666666,
    "f1_score": 0.6666666666666666
}