{
    "accuracy": 0.6875,
    "precision": 0.7403846153846154,
    "recall": 0.6875,
    "f1_score": 0.7129629629629629
}