{
    "accuracy": 0.8848484848484849,
    "precision": 0.9310245310245311,
    "recall": 0.8848484848484849,
    "f1_score": 0.9068870523415977
}