{
    "accuracy": 0.35,
    "precision": 0.3758741258741259,
    "recall": 0.35,
    "f1_score": 0.31476449275362317
}