{
    "accuracy": 0.42105263157894735,
    "precision": 0.4373865698729582,
    "recall": 0.42105263157894735,
    "f1_score": 0.37128146453089245
}