{
    "accuracy": 0.45,
    "precision": 0.46875,
    "recall": 0.45,
    "f1_score": 0.4532163742690058
}