length of dataset,not finished percentage,accuracy,precision,recall,f1_score
62,35.483870967741936,0.425,0.6666666666666666,0.23076923076923078,0.34285714285714286
