length of dataset,not finished percentage,accuracy,precision,recall,f1_score
197,76.6497461928934,0.5,0.6666666666666666,0.5161290322580645,0.5818181818181818
