length of dataset,not finished percentage,accuracy,precision,recall,f1_score
151,41.05960264900662,0.4157303370786517,0.5517241379310345,0.2909090909090909,0.38095238095238093
