length of dataset,not finished percentage,accuracy,precision,recall,f1_score
22,68.18181818181817,0.42857142857142855,0.6666666666666666,0.4,0.5
