{
    "accuracy": 0.4166666666666667,
    "precision": 0.4393770856507231,
    "recall": 0.4166666666666667,
    "f1_score": 0.4223776223776224
}