{
    "accuracy": 0.5263157894736842,
    "precision": 0.5159514170040487,
    "recall": 0.5263157894736842,
    "f1_score": 0.5153318077803204
}