{
    "accuracy": 0.90625,
    "precision": 0.9089781746031745,
    "recall": 0.90625,
    "f1_score": 0.9067192192192193
}