{
    "accuracy": 0.3157894736842105,
    "precision": 0.09972299168975068,
    "recall": 0.3157894736842105,
    "f1_score": 0.15157894736842104
}