{
    "accuracy": 0.6,
    "precision": 0.6739409499358151,
    "recall": 0.6,
    "f1_score": 0.5892255892255893
}