{
    "accuracy": 0.5,
    "precision": 0.4997019374068554,
    "recall": 0.5,
    "f1_score": 0.4998138634502271,
    "total_num": 232,
    "valid_num": 232,
    "valid_ratio": 1.0,
    "valid_acc": 0.5
}