{
    "accuracy": 0.55,
    "precision": 0.553503893214683,
    "recall": 0.55,
    "f1_score": 0.5503751041956099
}