{
    "accuracy": 0.45,
    "precision": 0.5173469387755102,
    "recall": 0.45,
    "f1_score": 0.38597246127366613
}