{
    "accuracy": 0.2777777777777778,
    "precision": 0.5629629629629629,
    "recall": 0.2777777777777778,
    "f1_score": 0.36049382716049383
}