{
    "accuracy": 0.5166666666666667,
    "precision": 0.5427978883861238,
    "recall": 0.5166666666666667,
    "f1_score": 0.5178753357414096
}