{
    "accuracy": 0.6,
    "precision": 0.5957696827262046,
    "recall": 0.6,
    "f1_score": 0.5972222222222221
}