{
    "accuracy": 0.5,
    "precision": 0.5185185185185185,
    "recall": 0.5,
    "f1_score": 0.48000000000000004
}