{
    "accuracy": 0.8333333333333334,
    "precision": 0.8407738095238095,
    "recall": 0.8333333333333334,
    "f1_score": 0.8333333333333334
}