{
    "accuracy": 0.4,
    "precision": 0.45862068965517244,
    "recall": 0.4,
    "f1_score": 0.2559691912708601
}