{
    "accuracy": 0.2833333333333333,
    "precision": 0.5733333333333334,
    "recall": 0.2833333333333333,
    "f1_score": 0.3205128205128205
}