{
    "accuracy": 0.2222222222222222,
    "precision": 0.04938271604938271,
    "recall": 0.2222222222222222,
    "f1_score": 0.08080808080808081
}