{
    "accuracy": 0.3888888888888889,
    "precision": 0.6049382716049383,
    "recall": 0.3888888888888889,
    "f1_score": 0.4734299516908213
}