{
    "accuracy": 0.4666666666666667,
    "precision": 0.6788194444444444,
    "recall": 0.4666666666666667,
    "f1_score": 0.5301434006438396
}