{
    "accuracy": 0.5333333333333333,
    "precision": 0.547121578099839,
    "recall": 0.5333333333333333,
    "f1_score": 0.531329534662868
}