{
    "accuracy": 0.08823529411764706,
    "precision": 0.7058823529411765,
    "recall": 0.08823529411764706,
    "f1_score": 0.15294117647058822
}