{
    "accuracy": 0.5,
    "precision": 0.9135802469135802,
    "recall": 0.5,
    "f1_score": 0.629951690821256
}