{
    "accuracy": 0.43333333333333335,
    "precision": 0.5879629629629629,
    "recall": 0.43333333333333335,
    "f1_score": 0.4722651222651223
}