{
    "accuracy": 0.23333333333333334,
    "precision": 0.5,
    "recall": 0.23333333333333334,
    "f1_score": 0.31810508182601205
}