{
    "accuracy": 0.5833333333333334,
    "precision": 0.719949494949495,
    "recall": 0.5833333333333334,
    "f1_score": 0.6366737739872068
}