{
    "accuracy": 0.5666666666666667,
    "precision": 0.5853535353535353,
    "recall": 0.5666666666666667,
    "f1_score": 0.5758498224251648
}