{
    "accuracy": 0.47058823529411764,
    "precision": 0.6196078431372549,
    "recall": 0.47058823529411764,
    "f1_score": 0.39037433155080214
}