{
    "accuracy": 0.7368421052631579,
    "precision": 0.8736842105263158,
    "recall": 0.7368421052631579,
    "f1_score": 0.7581453634085213
}