{
    "accuracy": 0.5333333333333333,
    "precision": 0.5888888888888888,
    "recall": 0.5333333333333333,
    "f1_score": 0.4886762360446571
}