{
    "accuracy": 0.2,
    "precision": 0.8666666666666667,
    "recall": 0.2,
    "f1_score": 0.2849673202614379
}