{
    "accuracy": 0.25,
    "precision": 0.4820574162679426,
    "recall": 0.25,
    "f1_score": 0.32870370370370366
}