{
    "accuracy": 0.45,
    "precision": 0.4666666666666667,
    "recall": 0.45,
    "f1_score": 0.4577777777777778
}