{
    "accuracy": 0.5333333333333333,
    "precision": 0.28444444444444444,
    "recall": 0.5333333333333333,
    "f1_score": 0.3710144927536232
}