{
    "accuracy": 0.5333333333333333,
    "precision": 0.5481078904991948,
    "recall": 0.5333333333333333,
    "f1_score": 0.5403603603603604
}