{
    "accuracy": 0.8875,
    "precision": 0.886827393431167,
    "recall": 0.8875,
    "f1_score": 0.887012987012987
}