{
    "accuracy": 0.6842105263157895,
    "precision": 0.5232198142414861,
    "recall": 0.6842105263157895,
    "f1_score": 0.5929824561403509
}