{
    "accuracy": 0.6,
    "precision": 0.5974789915966388,
    "recall": 0.6,
    "f1_score": 0.5909943714821764
}