{
    "accuracy": 0.38333333333333336,
    "precision": 0.38531746031746034,
    "recall": 0.38333333333333336,
    "f1_score": 0.3596760443307758
}