{
    "accuracy": 0.4411764705882353,
    "precision": 0.4819809346663566,
    "recall": 0.4411764705882353,
    "f1_score": 0.4280219498435817
}