{
    "accuracy": 0.7,
    "precision": 0.70109439124487,
    "recall": 0.7,
    "f1_score": 0.6868131868131868
}