{
    "accuracy": 0.59375,
    "precision": 0.796875,
    "recall": 0.59375,
    "f1_score": 0.5832250519750519
}