{
    "accuracy": 0.48333333333333334,
    "precision": 0.47677242459851155,
    "recall": 0.48333333333333334,
    "f1_score": 0.47672634271099745
}