{
    "accuracy": 0.47368421052631576,
    "precision": 0.7730263157894737,
    "recall": 0.47368421052631576,
    "f1_score": 0.5562613430127042
}