{
    "accuracy": 0.7222222222222222,
    "precision": 0.5947712418300654,
    "recall": 0.7222222222222222,
    "f1_score": 0.6523297491039427
}