{
    "accuracy": 0.6666666666666666,
    "precision": 0.7207207207207207,
    "recall": 0.6666666666666666,
    "f1_score": 0.6888454011741683
}