{
    "accuracy": 0.48333333333333334,
    "precision": 0.5688888888888889,
    "recall": 0.48333333333333334,
    "f1_score": 0.4555839727195226
}