{
    "accuracy": 0.6833333333333333,
    "precision": 0.6831845238095239,
    "recall": 0.6833333333333333,
    "f1_score": 0.683068783068783
}