{
    "accuracy": 0.2833333333333333,
    "precision": 0.4543650793650793,
    "recall": 0.2833333333333333,
    "f1_score": 0.3412121212121212
}