{
    "accuracy": 0.47368421052631576,
    "precision": 0.6754385964912281,
    "recall": 0.47368421052631576,
    "f1_score": 0.5004616805170822
}