{
    "accuracy": 0.5833333333333334,
    "precision": 0.6000783392087741,
    "recall": 0.5833333333333334,
    "f1_score": 0.5780885780885782
}