{
    "accuracy": 0.8,
    "precision": 0.9407407407407408,
    "recall": 0.8,
    "f1_score": 0.841354723707665
}