{
    "accuracy": 0.1,
    "precision": 0.2545454545454545,
    "recall": 0.1,
    "f1_score": 0.1435897435897436
}