{
    "accuracy": 0.6,
    "precision": 0.5620689655172414,
    "recall": 0.6,
    "f1_score": 0.4775777414075286
}