{
    "accuracy": 0.4583333333333333,
    "precision": 0.5938375350140056,
    "recall": 0.4583333333333333,
    "f1_score": 0.44985507246376805
}