{
    "accuracy": 0.3333333333333333,
    "precision": 0.4583877995642701,
    "recall": 0.3333333333333333,
    "f1_score": 0.37778602350030915
}