{
    "accuracy": 0.4,
    "precision": 0.41041666666666665,
    "recall": 0.4,
    "f1_score": 0.3942342342342343
}