{
    "accuracy": 0.38333333333333336,
    "precision": 0.5754166666666667,
    "recall": 0.38333333333333336,
    "f1_score": 0.44973248724648496
}