{
    "accuracy": 0.8833333333333333,
    "precision": 0.9037499999999999,
    "recall": 0.8833333333333333,
    "f1_score": 0.8802389973768581
}