{
    "accuracy": 0.5588235294117647,
    "precision": 0.6551633986928105,
    "recall": 0.5588235294117647,
    "f1_score": 0.53736932438758
}