{
    "accuracy": 0.3157894736842105,
    "precision": 0.5864661654135338,
    "recall": 0.3157894736842105,
    "f1_score": 0.4105263157894737
}