length of dataset,ask more questions percentage,accuracy,precision,recall,f1_score
85,51.76470588235295,0.4878048780487805,0.4199556541019956,0.4878048780487805,0.42793791574279383
