{
    "accuracy": 0.4166666666666667,
    "precision": 0.4451754385964912,
    "recall": 0.4166666666666667,
    "f1_score": 0.4103313840155945
}