{
    "accuracy": 0.48333333333333334,
    "precision": 0.6653409090909091,
    "recall": 0.48333333333333334,
    "f1_score": 0.5417417417417417
}