{
    "accuracy": 0.06666666666666667,
    "precision": 0.75,
    "recall": 0.06666666666666667,
    "f1_score": 0.10743243243243243
}