{
    "accuracy": 0.4,
    "precision": 0.16949152542372883,
    "recall": 0.4,
    "f1_score": 0.23809523809523808
}