{
    "accuracy": 0.5625,
    "precision": 0.7893518518518519,
    "recall": 0.5625,
    "f1_score": 0.5114583333333333
}