{
    "accuracy": 0.5833333333333334,
    "precision": 0.5804935370152762,
    "recall": 0.5833333333333334,
    "f1_score": 0.581754590498397
}