{
    "accuracy": 0.31666666666666665,
    "precision": 0.4871175523349437,
    "recall": 0.31666666666666665,
    "f1_score": 0.376375786163522
}