length of dataset,ask more questions percentage,accuracy,precision,recall,f1_score
75,21.333333333333336,0.3898305084745763,0.5112994350282486,0.3898305084745763,0.4377930039668229
