{
    "accuracy": 0.7666666666666667,
    "precision": 0.8681904761904762,
    "recall": 0.7666666666666667,
    "f1_score": 0.8142557651991614
}