{
    "accuracy": 0.7777777777777778,
    "precision": 0.6049382716049383,
    "recall": 0.7777777777777778,
    "f1_score": 0.6805555555555556
}