{
    "accuracy": 0.4411764705882353,
    "precision": 0.5648323845667299,
    "recall": 0.4411764705882353,
    "f1_score": 0.34021028701335604
}