{
    "accuracy": 0.5,
    "precision": 0.43209876543209874,
    "recall": 0.5,
    "f1_score": 0.4021887824897401
}