{
    "accuracy": 0.6,
    "precision": 0.6147321428571428,
    "recall": 0.6,
    "f1_score": 0.6013348164627365
}