{
    "accuracy": 0.45,
    "precision": 0.5660869565217391,
    "recall": 0.45,
    "f1_score": 0.5003804911795227
}