{
    "accuracy": 0.5263157894736842,
    "precision": 0.6916329284750338,
    "recall": 0.5263157894736842,
    "f1_score": 0.5263157894736842
}