{
    "accuracy": 0.4166666666666667,
    "precision": 0.5803688141923437,
    "recall": 0.4166666666666667,
    "f1_score": 0.41773129828528355
}