{
    "accuracy": 0.45,
    "precision": 0.5798558897243108,
    "recall": 0.45,
    "f1_score": 0.5065445665445665
}