{
    "accuracy": 0.43333333333333335,
    "precision": 0.4543859649122807,
    "recall": 0.43333333333333335,
    "f1_score": 0.4257440476190476
}