{
    "accuracy": 0.38235294117647056,
    "precision": 0.4106021855382469,
    "recall": 0.38235294117647056,
    "f1_score": 0.36781373403764295
}