{
    "accuracy": 0.53125,
    "precision": 0.8839285714285714,
    "recall": 0.53125,
    "f1_score": 0.6628024193548387
}