{
    "accuracy": 0.2916666666666667,
    "precision": 0.6190476190476191,
    "recall": 0.2916666666666667,
    "f1_score": 0.3331023331023331
}