{
    "accuracy": 0.875,
    "precision": 0.8739316239316238,
    "recall": 0.875,
    "f1_score": 0.8738644304682041
}