{
    "accuracy": 0.16666666666666666,
    "precision": 0.5170940170940171,
    "recall": 0.16666666666666666,
    "f1_score": 0.2468102073365231
}