{
    "accuracy": 0.36666666666666664,
    "precision": 0.48913043478260865,
    "recall": 0.36666666666666664,
    "f1_score": 0.41440677966101697
}