{
    "accuracy": 0.2631578947368421,
    "precision": 0.5701754385964912,
    "recall": 0.2631578947368421,
    "f1_score": 0.3601108033240997
}