{
    "accuracy": 0.55,
    "precision": 0.5690000000000001,
    "recall": 0.55,
    "f1_score": 0.49316239316239313
}