{
    "accuracy": 0.31666666666666665,
    "precision": 0.5311764705882354,
    "recall": 0.31666666666666665,
    "f1_score": 0.3956445993031359
}