{
    "accuracy": 0.5333333333333333,
    "precision": 0.6318181818181817,
    "recall": 0.5333333333333333,
    "f1_score": 0.5122171945701358
}