{
    "accuracy": 0.29411764705882354,
    "precision": 0.5008403361344538,
    "recall": 0.29411764705882354,
    "f1_score": 0.3635039154980878
}