{
    "accuracy": 0.35294117647058826,
    "precision": 0.35294117647058826,
    "recall": 0.35294117647058826,
    "f1_score": 0.35294117647058826
}