{
    "accuracy": 0.16666666666666666,
    "precision": 0.5142857142857143,
    "recall": 0.16666666666666666,
    "f1_score": 0.2516129032258065
}