{
    "accuracy": 0.5833333333333334,
    "precision": 0.5548281505728314,
    "recall": 0.5833333333333334,
    "f1_score": 0.5490068381634646
}