{
    "accuracy": 0.4117647058823529,
    "precision": 0.6029411764705882,
    "recall": 0.4117647058823529,
    "f1_score": 0.4836601307189542
}