{
    "accuracy": 0.25,
    "precision": 0.47098214285714285,
    "recall": 0.25,
    "f1_score": 0.28381642512077293
}