{
    "accuracy": 0.635593220338983,
    "precision": 0.6647022747546834,
    "recall": 0.635593220338983,
    "f1_score": 0.6238520301368253
}