{
    "accuracy": 0.4166666666666667,
    "precision": 0.6551796157059314,
    "recall": 0.4166666666666667,
    "f1_score": 0.5
}