{
    "accuracy": 0.7833333333333333,
    "precision": 0.8591269841269842,
    "recall": 0.7833333333333333,
    "f1_score": 0.7929292929292928
}