{
    "accuracy": 0.7833333333333333,
    "precision": 0.8445652173913043,
    "recall": 0.7833333333333333,
    "f1_score": 0.7668107440568076
}