{
    "accuracy": 0.48333333333333334,
    "precision": 0.4666666666666667,
    "recall": 0.48333333333333334,
    "f1_score": 0.4718518518518519
}