{
    "accuracy": 0.5833333333333334,
    "precision": 0.5649794801641587,
    "recall": 0.5833333333333334,
    "f1_score": 0.5662241432540908
}