{
    "accuracy": 0.5166666666666667,
    "precision": 0.5503968253968254,
    "recall": 0.5166666666666667,
    "f1_score": 0.49812446717817566
}