{
    "accuracy": 0.23333333333333334,
    "precision": 0.5211328976034858,
    "recall": 0.23333333333333334,
    "f1_score": 0.3185879757308329
}