length of dataset,ask more questions percentage,accuracy,precision,recall,f1_score
12,8.333333333333332,0.2727272727272727,0.7272727272727273,0.2727272727272727,0.3696969696969697
