{
    "accuracy": 0.4482758620689655,
    "precision": 0.633503191015683,
    "recall": 0.4482758620689655,
    "f1_score": 0.4482758620689655
}