{
    "accuracy": 0.4166666666666667,
    "precision": 0.824,
    "recall": 0.4166666666666667,
    "f1_score": 0.5234595816845675
}