{
    "accuracy": 0.55,
    "precision": 0.5441833137485311,
    "recall": 0.55,
    "f1_score": 0.5457315320494395
}