{
    "accuracy": 0.9166666666666666,
    "precision": 0.9168552036199096,
    "recall": 0.9166666666666666,
    "f1_score": 0.9165023936919178
}