{
    "accuracy": 0.5166666666666667,
    "precision": 0.5587301587301587,
    "recall": 0.5166666666666667,
    "f1_score": 0.5093093093093093
}