{
    "accuracy": 0.8666666666666667,
    "precision": 0.8767857142857144,
    "recall": 0.8666666666666667,
    "f1_score": 0.8678733031674208
}