{
    "accuracy": 0.2833333333333333,
    "precision": 0.6077922077922078,
    "recall": 0.2833333333333333,
    "f1_score": 0.3642553191489362
}