{
    "accuracy": 0.45,
    "precision": 0.4474285714285714,
    "recall": 0.45,
    "f1_score": 0.4485933503836318
}