{
    "accuracy": 0.43333333333333335,
    "precision": 0.5082956259426848,
    "recall": 0.43333333333333335,
    "f1_score": 0.44668911335578004
}