{
    "accuracy": 0.6551724137931034,
    "precision": 0.8076421248835042,
    "recall": 0.6551724137931034,
    "f1_score": 0.7174575105609587
}