{
    "accuracy": 0.5555555555555556,
    "precision": 0.9222222222222223,
    "recall": 0.5555555555555556,
    "f1_score": 0.6722222222222222
}