{
    "accuracy": 0.5666666666666667,
    "precision": 0.7576271186440678,
    "recall": 0.5666666666666667,
    "f1_score": 0.42670807453416143
}