{
    "accuracy": 0.7833333333333333,
    "precision": 0.8480769230769231,
    "recall": 0.7833333333333333,
    "f1_score": 0.7983333333333333
}