{
    "accuracy": 0.6111111111111112,
    "precision": 0.7104377104377105,
    "recall": 0.6111111111111112,
    "f1_score": 0.6488888888888888
}