{
    "accuracy": 0.016666666666666666,
    "precision": 0.43333333333333335,
    "recall": 0.016666666666666666,
    "f1_score": 0.03209876543209876
}