{
    "accuracy": 0.4,
    "precision": 0.44666666666666666,
    "recall": 0.4,
    "f1_score": 0.412991452991453
}