{
    "accuracy": 0.6333333333333333,
    "precision": 0.5555555555555555,
    "recall": 0.6333333333333333,
    "f1_score": 0.5619203491543917
}