{
    "accuracy": 0.18333333333333332,
    "precision": 0.35833333333333334,
    "recall": 0.18333333333333332,
    "f1_score": 0.23777777777777778
}