{
    "accuracy": 0.3103448275862069,
    "precision": 0.794313369630974,
    "recall": 0.3103448275862069,
    "f1_score": 0.1683308924688235
}