{
    "accuracy": 0.75,
    "precision": 0.9166666666666666,
    "recall": 0.75,
    "f1_score": 0.7916666666666667
}