{
    "accuracy": 0.13793103448275862,
    "precision": 0.4476772030651341,
    "recall": 0.13793103448275862,
    "f1_score": 0.19467084639498436
}