length of dataset,not finished percentage,accuracy,precision,recall,f1_score
62,30.64516129032258,0.4883720930232558,0.45454545454545453,0.23809523809523808,0.3125
