length of dataset,not finished percentage,accuracy,precision,recall,f1_score
197,78.1725888324873,0.5581395348837209,0.6666666666666666,0.6428571428571429,0.6545454545454545
