length of dataset,not finished percentage,accuracy,precision,recall,f1_score
154,40.25974025974026,0.43478260869565216,0.6785714285714286,0.3064516129032258,0.4222222222222222
