length of dataset,not finished percentage,accuracy,precision,recall,f1_score
14,78.57142857142857,0.3333333333333333,1.0,0.3333333333333333,0.5
