{
    "accuracy": 0.29310344827586204,
    "precision": 0.5894760412001792,
    "recall": 0.29310344827586204,
    "f1_score": 0.31896551724137934
}