{
    "accuracy": 0.5,
    "precision": 0.7000000000000001,
    "recall": 0.5,
    "f1_score": 0.5833333333333333
}