{
    "accuracy": 0.5789473684210527,
    "precision": 0.632946001367054,
    "recall": 0.5789473684210527,
    "f1_score": 0.6018893387314439
}