{
    "accuracy": 0.65625,
    "precision": 0.6922123015873016,
    "recall": 0.65625,
    "f1_score": 0.6579301075268817
}