{
    "accuracy": 0.6666666666666666,
    "precision": 0.7576140873015873,
    "recall": 0.6666666666666666,
    "f1_score": 0.7091238471673255
}