{
    "accuracy": 0.08333333333333333,
    "precision": 0.38095238095238093,
    "recall": 0.08333333333333333,
    "f1_score": 0.13675213675213674
}