{
    "accuracy": 0.5092592592592593,
    "precision": 0.5857214680744093,
    "recall": 0.5092592592592593,
    "f1_score": 0.544751447334959,
    "total_num": 108,
    "valid_num": 103,
    "valid_ratio": 0.9537037037037037,
    "valid_acc": 0.5339805825242718
}