{
    "accuracy": 0.9512195121951219,
    "precision": 1.0,
    "recall": 0.9512195121951219,
    "f1_score": 0.9749382837957935
}