{
    "accuracy": 0.5333333333333333,
    "precision": 0.5464285714285714,
    "recall": 0.5333333333333333,
    "f1_score": 0.5375565610859728
}