{
    "accuracy": 0.75,
    "precision": 0.7714285714285714,
    "recall": 0.75,
    "f1_score": 0.7555555555555555
}