{
    "accuracy": 0.625,
    "precision": 0.637037037037037,
    "recall": 0.625,
    "f1_score": 0.6299810246679317
}