{
    "accuracy": 0.47368421052631576,
    "precision": 0.8026315789473685,
    "recall": 0.47368421052631576,
    "f1_score": 0.4288277511961723
}