{
    "accuracy": 0.6166666666666667,
    "precision": 0.6064814814814814,
    "recall": 0.6166666666666667,
    "f1_score": 0.6028893587033122
}