{
    "accuracy": 0.5,
    "precision": 0.5416666666666666,
    "recall": 0.5,
    "f1_score": 0.5164835164835165
}