{
    "accuracy": 0.42105263157894735,
    "precision": 0.39097744360902253,
    "recall": 0.42105263157894735,
    "f1_score": 0.40545808966861596
}