{
    "accuracy": 0.3055555555555556,
    "precision": 0.39444444444444443,
    "recall": 0.3055555555555556,
    "f1_score": 0.2961017740429505,
    "total_num": 108,
    "valid_num": 108,
    "valid_ratio": 1.0,
    "valid_acc": 0.3055555555555556
}