{
    "accuracy": 0.375,
    "precision": 0.575187969924812,
    "recall": 0.375,
    "f1_score": 0.4509803921568627
}