{
    "accuracy": 0.21666666666666667,
    "precision": 0.5290909090909091,
    "recall": 0.21666666666666667,
    "f1_score": 0.28695652173913044
}