{
    "accuracy": 0.1875,
    "precision": 0.3958333333333333,
    "recall": 0.1875,
    "f1_score": 0.2544642857142857
}