{
    "accuracy": 0.4117647058823529,
    "precision": 0.5987731991192199,
    "recall": 0.4117647058823529,
    "f1_score": 0.4162300286503368
}