{
    "accuracy": 0.8705882352941177,
    "precision": 0.8756460291626531,
    "recall": 0.8705882352941177,
    "f1_score": 0.8730373612244394
}