{
    "accuracy": 0.9081632653061225,
    "precision": 0.9199708454810496,
    "recall": 0.9081632653061225,
    "f1_score": 0.9049600345129244
}