{
    "accuracy": 0.7,
    "precision": 0.7116071428571428,
    "recall": 0.7,
    "f1_score": 0.7027149321266968
}