{
    "accuracy": 0.7157894736842105,
    "precision": 0.7139805729011793,
    "recall": 0.7157894736842105,
    "f1_score": 0.7128497026959999
}