{
    "accuracy": 0.38333333333333336,
    "precision": 0.5597701149425288,
    "recall": 0.38333333333333336,
    "f1_score": 0.4514096185737977
}