length of dataset,ask more questions percentage,accuracy,precision,recall,f1_score
85,0.0,0.047058823529411764,0.5235294117647059,0.047058823529411764,0.08594771241830065
