{
    "accuracy": 0.43333333333333335,
    "precision": 0.45964912280701753,
    "recall": 0.43333333333333335,
    "f1_score": 0.4449612403100775
}