{
    "accuracy": 0.4666666666666667,
    "precision": 0.5104835258878905,
    "recall": 0.4666666666666667,
    "f1_score": 0.4523007856341189
}