{
    "accuracy": 0.5,
    "precision": 0.5833333333333334,
    "recall": 0.5,
    "f1_score": 0.5384615384615385
}