{
    "accuracy": 0.36666666666666664,
    "precision": 0.42930402930402933,
    "recall": 0.36666666666666664,
    "f1_score": 0.34087816944959803
}