{
    "accuracy": 0.5510204081632653,
    "precision": 0.6049093763379478,
    "recall": 0.5510204081632653,
    "f1_score": 0.5419843409061738
}