{
    "accuracy": 0.47368421052631576,
    "precision": 0.4105263157894737,
    "recall": 0.47368421052631576,
    "f1_score": 0.4398496240601504
}