{
    "accuracy": 0.55,
    "precision": 0.5731428571428572,
    "recall": 0.55,
    "f1_score": 0.5488746874131702
}