{
    "accuracy": 0.8,
    "precision": 0.8107142857142856,
    "recall": 0.8,
    "f1_score": 0.8018099547511313
}