{
    "accuracy": 0.627906976744186,
    "precision": 0.6750830564784053,
    "recall": 0.627906976744186,
    "f1_score": 0.6334905404672846,
    "total_num": 43,
    "valid_num": 43,
    "valid_ratio": 1.0,
    "valid_acc": 0.627906976744186
}