{
    "accuracy": 0.75,
    "precision": 0.7864864864864866,
    "recall": 0.75,
    "f1_score": 0.7658779576587794
}