{
    "accuracy": 0.43333333333333335,
    "precision": 0.48254228041462083,
    "recall": 0.43333333333333335,
    "f1_score": 0.39004629629629634
}