{
    "accuracy": 0.7291666666666666,
    "precision": 0.7252525252525253,
    "recall": 0.7291666666666666,
    "f1_score": 0.7268817204301076
}