{
    "accuracy": 0.5526315789473685,
    "precision": 0.5368421052631579,
    "recall": 0.5526315789473685,
    "f1_score": 0.5115789473684211
}