{
    "accuracy": 0.6333333333333333,
    "precision": 0.7390037095919448,
    "recall": 0.6333333333333333,
    "f1_score": 0.6529040404040404
}