{
    "accuracy": 0.18333333333333332,
    "precision": 0.4887254901960784,
    "recall": 0.18333333333333332,
    "f1_score": 0.23937984496124035
}