{
    "accuracy": 0.3125,
    "precision": 0.32573529411764707,
    "recall": 0.3125,
    "f1_score": 0.3179563492063492
}