{
    "accuracy": 0.8064516129032258,
    "precision": 1.0,
    "recall": 0.8064516129032258,
    "f1_score": 0.8914231499051234
}