{
    "accuracy": 0.625,
    "precision": 0.6121428571428571,
    "recall": 0.625,
    "f1_score": 0.5943181818181819
}