{
    "accuracy": 0.5333333333333333,
    "precision": 0.5245421245421246,
    "recall": 0.5333333333333333,
    "f1_score": 0.5236111111111111
}