{
    "accuracy": 0.38235294117647056,
    "precision": 0.40454076367389064,
    "recall": 0.38235294117647056,
    "f1_score": 0.3850267379679144
}