{
    "accuracy": 0.9545454545454546,
    "precision": 0.9567099567099567,
    "recall": 0.9545454545454546,
    "f1_score": 0.9475240206947523
}