{
    "accuracy": 0.4,
    "precision": 0.41509433962264153,
    "recall": 0.4,
    "f1_score": 0.30769230769230765
}