{
    "accuracy": 0.5882352941176471,
    "precision": 0.5678733031674208,
    "recall": 0.5882352941176471,
    "f1_score": 0.5589397814461753
}