{
    "accuracy": 0.4666666666666667,
    "precision": 0.26666666666666666,
    "recall": 0.4666666666666667,
    "f1_score": 0.3393939393939394
}