{
    "accuracy": 0.43333333333333335,
    "precision": 0.4983333333333333,
    "recall": 0.43333333333333335,
    "f1_score": 0.453030303030303
}