{
    "accuracy": 0.26666666666666666,
    "precision": 0.25555555555555554,
    "recall": 0.26666666666666666,
    "f1_score": 0.2600301659125189
}