{
    "accuracy": 0.5,
    "precision": 0.5785714285714285,
    "recall": 0.5,
    "f1_score": 0.522378716744914
}