{
    "accuracy": 0.4666666666666667,
    "precision": 0.9676470588235294,
    "recall": 0.4666666666666667,
    "f1_score": 0.6289230769230769
}