length of dataset,ask more questions percentage,accuracy,precision,recall,f1_score
16,18.75,0.23076923076923078,0.7435897435897435,0.23076923076923078,0.2766122766122766
