{
    "accuracy": 0.45,
    "precision": 0.5771111111111111,
    "recall": 0.45,
    "f1_score": 0.3756140350877193
}