{
    "accuracy": 0.55,
    "precision": 0.6039181286549709,
    "recall": 0.55,
    "f1_score": 0.562624209575429
}