{
    "accuracy": 0.38333333333333336,
    "precision": 0.5862573099415205,
    "recall": 0.38333333333333336,
    "f1_score": 0.4621212121212121
}