{
    "accuracy": 0.6166666666666667,
    "precision": 0.6135964912280703,
    "recall": 0.6166666666666667,
    "f1_score": 0.6149629629629629
}