{
    "accuracy": 0.48333333333333334,
    "precision": 0.5170212765957447,
    "recall": 0.48333333333333334,
    "f1_score": 0.4412564463197375
}