{
    "accuracy": 0.3333333333333333,
    "precision": 0.5160317460317461,
    "recall": 0.3333333333333333,
    "f1_score": 0.3990430622009569
}