{
    "accuracy": 0.0625,
    "precision": 0.40625,
    "recall": 0.0625,
    "f1_score": 0.10833333333333334
}