{
    "accuracy": 0.48333333333333334,
    "precision": 0.4969411764705882,
    "recall": 0.48333333333333334,
    "f1_score": 0.48413506885493296
}