{
    "accuracy": 0.21052631578947367,
    "precision": 0.5473684210526316,
    "recall": 0.21052631578947367,
    "f1_score": 0.30409356725146197
}