{
    "accuracy": 0.875,
    "precision": 0.8782467532467533,
    "recall": 0.875,
    "f1_score": 0.8729166666666668
}