{
    "accuracy": 0.5666666666666667,
    "precision": 0.5895810159436411,
    "recall": 0.5666666666666667,
    "f1_score": 0.5725490196078432
}