{
    "accuracy": 0.85,
    "precision": 0.8500561167227834,
    "recall": 0.85,
    "f1_score": 0.8497902097902099
}