{
    "accuracy": 0.6,
    "precision": 0.7714285714285715,
    "recall": 0.6,
    "f1_score": 0.5045454545454545
}