{
    "accuracy": 0.36764705882352944,
    "precision": 0.4741985683162153,
    "recall": 0.36764705882352944,
    "f1_score": 0.3993091149087948
}