{
    "accuracy": 0.4666666666666667,
    "precision": 0.5566666666666666,
    "recall": 0.4666666666666667,
    "f1_score": 0.4695283518812931
}