{
    "accuracy": 0.4666666666666667,
    "precision": 0.49793217535153017,
    "recall": 0.4666666666666667,
    "f1_score": 0.47894019092148843
}