{
    "accuracy": 0.45,
    "precision": 0.6476190476190476,
    "recall": 0.45,
    "f1_score": 0.5258479532163742
}