{
    "accuracy": 0.03333333333333333,
    "precision": 0.5333333333333333,
    "recall": 0.03333333333333333,
    "f1_score": 0.06274509803921569
}