{
    "accuracy": 0.38333333333333336,
    "precision": 0.5057638888888889,
    "recall": 0.38333333333333336,
    "f1_score": 0.34101488362800914
}