{
    "accuracy": 0.55,
    "precision": 0.8611842105263158,
    "recall": 0.55,
    "f1_score": 0.6681818181818182
}