{
    "accuracy": 0.18333333333333332,
    "precision": 0.4,
    "recall": 0.18333333333333332,
    "f1_score": 0.2353333333333333
}