{
    "accuracy": 0.4,
    "precision": 0.5634615384615385,
    "recall": 0.4,
    "f1_score": 0.43537214443625644
}