{
    "accuracy": 0.45,
    "precision": 0.4644736842105263,
    "recall": 0.45,
    "f1_score": 0.44153846153846155
}