{
    "accuracy": 0.1,
    "precision": 0.5555555555555555,
    "recall": 0.1,
    "f1_score": 0.1686507936507936
}