{
    "accuracy": 0.6666666666666666,
    "precision": 0.7066666666666668,
    "recall": 0.6666666666666666,
    "f1_score": 0.6576168929110106
}