{
    "accuracy": 0.7666666666666667,
    "precision": 0.7806938159879337,
    "recall": 0.7666666666666667,
    "f1_score": 0.7658880237300705
}