{
    "accuracy": 0.971830985915493,
    "precision": 0.9859154929577465,
    "recall": 0.971830985915493,
    "f1_score": 0.9787538792074482
}