{
    "accuracy": 0.13333333333333333,
    "precision": 0.4666666666666667,
    "recall": 0.13333333333333333,
    "f1_score": 0.20740740740740737
}