{
    "accuracy": 0.6166666666666667,
    "precision": 0.6194285714285714,
    "recall": 0.6166666666666667,
    "f1_score": 0.6178787007760851
}