{
    "accuracy": 0.6896551724137931,
    "precision": 0.6976663183559735,
    "recall": 0.6896551724137931,
    "f1_score": 0.6928504859539343
}