{
    "accuracy": 0.48333333333333334,
    "precision": 0.5059294871794872,
    "recall": 0.48333333333333334,
    "f1_score": 0.4908045977011495
}