{
    "accuracy": 0.3333333333333333,
    "precision": 1.0,
    "recall": 0.3333333333333333,
    "f1_score": 0.5
}