{
    "accuracy": 0.3333333333333333,
    "precision": 0.5656565656565656,
    "recall": 0.3333333333333333,
    "f1_score": 0.41781874039938555
}