{
    "accuracy": 0.5333333333333333,
    "precision": 0.4950310559006212,
    "recall": 0.5333333333333333,
    "f1_score": 0.500385109114249
}