{
    "accuracy": 0.5517241379310345,
    "precision": 0.5505279275255989,
    "recall": 0.5517241379310345,
    "f1_score": 0.5477768002429131,
    "total_num": 232,
    "valid_num": 232,
    "valid_ratio": 1.0,
    "valid_acc": 0.5517241379310345
}