{
    "accuracy": 0.3333333333333333,
    "precision": 0.5078787878787878,
    "recall": 0.3333333333333333,
    "f1_score": 0.2346259302781042
}