{
    "accuracy": 0.25,
    "precision": 0.5583333333333333,
    "recall": 0.25,
    "f1_score": 0.3447420634920635
}