{
    "accuracy": 0.34375,
    "precision": 0.2935267857142857,
    "recall": 0.34375,
    "f1_score": 0.24980116648992579
}