{
    "accuracy": 0.95,
    "precision": 0.9538461538461539,
    "recall": 0.95,
    "f1_score": 0.9493333333333334
}