{
    "accuracy": 0.4,
    "precision": 0.5866666666666667,
    "recall": 0.4,
    "f1_score": 0.43000000000000005
}