{
    "accuracy": 0.18333333333333332,
    "precision": 0.7549019607843138,
    "recall": 0.18333333333333332,
    "f1_score": 0.2585470085470085
}