{
    "accuracy": 0.9634146341463414,
    "precision": 1.0,
    "recall": 0.9634146341463414,
    "f1_score": 0.9811296534017973
}