{
    "accuracy": 0.55,
    "precision": 0.5452991452991452,
    "recall": 0.55,
    "f1_score": 0.5400402414486921
}