{
    "accuracy": 0.5833333333333334,
    "precision": 0.5862857142857142,
    "recall": 0.5833333333333334,
    "f1_score": 0.5846507617131359
}