{
    "accuracy": 0.95,
    "precision": 0.9833333333333333,
    "recall": 0.95,
    "f1_score": 0.9661616161616161
}