{
    "accuracy": 0.4166666666666667,
    "precision": 0.4964912280701755,
    "recall": 0.4166666666666667,
    "f1_score": 0.4263063063063063
}