{
    "accuracy": 0.45,
    "precision": 0.4086805555555556,
    "recall": 0.45,
    "f1_score": 0.395152824945971
}