{
    "accuracy": 0.4666666666666667,
    "precision": 0.5048260381593714,
    "recall": 0.4666666666666667,
    "f1_score": 0.47261904761904755
}