{
    "accuracy": 0.39655172413793105,
    "precision": 0.45245943204868155,
    "recall": 0.39655172413793105,
    "f1_score": 0.4199046818054388
}