{
    "accuracy": 0.5517241379310345,
    "precision": 0.579937304075235,
    "recall": 0.5517241379310345,
    "f1_score": 0.562807881773399
}