{
    "accuracy": 0.46875,
    "precision": 0.44573863636363636,
    "recall": 0.46875,
    "f1_score": 0.45353923647932126
}