{
    "accuracy": 0.9318181818181818,
    "precision": 0.9785353535353535,
    "recall": 0.9318181818181818,
    "f1_score": 0.952864782276547
}