{
    "accuracy": 0.7222222222222222,
    "precision": 0.8444444444444446,
    "recall": 0.7222222222222222,
    "f1_score": 0.7325670498084291
}