{
    "accuracy": 0.55,
    "precision": 0.56427732079906,
    "recall": 0.55,
    "f1_score": 0.5443356643356644
}