{
    "accuracy": 0.5625,
    "precision": 0.5737745098039215,
    "recall": 0.5625,
    "f1_score": 0.5659722222222223
}