{
    "accuracy": 0.5166666666666667,
    "precision": 0.46787878787878784,
    "recall": 0.5166666666666667,
    "f1_score": 0.4121212121212121
}