{
    "accuracy": 0.4411764705882353,
    "precision": 0.49150326797385624,
    "recall": 0.4411764705882353,
    "f1_score": 0.414001144224268
}