{
    "accuracy": 0.4444444444444444,
    "precision": 0.5185185185185185,
    "recall": 0.4444444444444444,
    "f1_score": 0.4786324786324787
}