{
    "accuracy": 0.35,
    "precision": 0.30416666666666664,
    "recall": 0.35,
    "f1_score": 0.265374677002584
}