{
    "accuracy": 0.9833333333333333,
    "precision": 0.9839080459770115,
    "recall": 0.9833333333333333,
    "f1_score": 0.9833472570314676
}