{
    "accuracy": 0.5555555555555556,
    "precision": 0.6481481481481483,
    "recall": 0.5555555555555556,
    "f1_score": 0.5982905982905984
}