{
    "accuracy": 0.34375,
    "precision": 0.33489583333333334,
    "recall": 0.34375,
    "f1_score": 0.33903846153846157
}