{
    "accuracy": 0.3611111111111111,
    "precision": 0.3752913752913753,
    "recall": 0.3611111111111111,
    "f1_score": 0.35548467127414496
}