{
    "accuracy": 0.578125,
    "precision": 0.8923611111111112,
    "recall": 0.578125,
    "f1_score": 0.6874890042223786
}