{
    "accuracy": 0.6333333333333333,
    "precision": 0.6380471380471381,
    "recall": 0.6333333333333333,
    "f1_score": 0.6349924585218703
}