{
    "accuracy": 0.5166666666666667,
    "precision": 0.5416324669402645,
    "recall": 0.5166666666666667,
    "f1_score": 0.49374341285810097
}