{
    "accuracy": 0.3333333333333333,
    "precision": 0.43315018315018317,
    "recall": 0.3333333333333333,
    "f1_score": 0.37645521501544305
}