{
    "accuracy": 0.38333333333333336,
    "precision": 0.45208333333333334,
    "recall": 0.38333333333333336,
    "f1_score": 0.26396006998044663
}