{
    "accuracy": 0.3023255813953488,
    "precision": 0.29860465116279067,
    "recall": 0.3023255813953488,
    "f1_score": 0.21946200835923266,
    "total_num": 43,
    "valid_num": 43,
    "valid_ratio": 1.0,
    "valid_acc": 0.3023255813953488
}