{
    "accuracy": 0.6176470588235294,
    "precision": 0.6350411132194813,
    "recall": 0.6176470588235294,
    "f1_score": 0.5351787773933102
}