{
    "accuracy": 0.08333333333333333,
    "precision": 1.0,
    "recall": 0.08333333333333333,
    "f1_score": 0.15285714285714286
}