{
    "accuracy": 0.6875,
    "precision": 0.9107142857142857,
    "recall": 0.6875,
    "f1_score": 0.7403381642512078
}