{
    "accuracy": 0.5625,
    "precision": 0.798611111111111,
    "recall": 0.5625,
    "f1_score": 0.6399456521739131
}