{
    "accuracy": 0.5,
    "precision": 0.63000852514919,
    "recall": 0.5,
    "f1_score": 0.5535353535353535
}