{
    "accuracy": 0.5166666666666667,
    "precision": 0.5861360718870346,
    "recall": 0.5166666666666667,
    "f1_score": 0.5051748251748251
}