{
    "accuracy": 0.7333333333333333,
    "precision": 0.7533333333333334,
    "recall": 0.7333333333333333,
    "f1_score": 0.7360269360269361
}