{
    "accuracy": 0.43333333333333335,
    "precision": 0.5723809523809523,
    "recall": 0.43333333333333335,
    "f1_score": 0.46142473118279576
}