{
    "accuracy": 0.7894736842105263,
    "precision": 0.9502923976608187,
    "recall": 0.7894736842105263,
    "f1_score": 0.8511278195488722
}