{
    "accuracy": 0.4666666666666667,
    "precision": 0.7866666666666667,
    "recall": 0.4666666666666667,
    "f1_score": 0.4722222222222222
}