{
    "accuracy": 0.4722222222222222,
    "precision": 0.4754041967664258,
    "recall": 0.4722222222222222,
    "f1_score": 0.47345247345247343
}