{
    "accuracy": 0.48333333333333334,
    "precision": 0.4986531986531987,
    "recall": 0.48333333333333334,
    "f1_score": 0.4843382421042882
}