{
    "accuracy": 0.7586206896551724,
    "precision": 0.8067722895309103,
    "recall": 0.7586206896551724,
    "f1_score": 0.7810029051408363
}