{
    "accuracy": 0.8711111111111111,
    "precision": 0.9192641133925538,
    "recall": 0.8711111111111111,
    "f1_score": 0.8925605550708381
}