{
    "accuracy": 0.1,
    "precision": 0.40555555555555556,
    "recall": 0.1,
    "f1_score": 0.151001001001001
}