{
    "accuracy": 0.48333333333333334,
    "precision": 0.5181547619047618,
    "recall": 0.48333333333333334,
    "f1_score": 0.48983682983682986
}