{
    "accuracy": 0.4166666666666667,
    "precision": 0.5353535353535354,
    "recall": 0.4166666666666667,
    "f1_score": 0.45746441575637203
}