{
    "accuracy": 0.45,
    "precision": 0.5117647058823529,
    "recall": 0.45,
    "f1_score": 0.47707317073170724
}