{
    "accuracy": 0.5166666666666667,
    "precision": 0.5333333333333333,
    "recall": 0.5166666666666667,
    "f1_score": 0.5130325814536341
}