{
    "accuracy": 0.25,
    "precision": 0.6241258741258741,
    "recall": 0.25,
    "f1_score": 0.3564814814814815
}