{
    "accuracy": 0.08823529411764706,
    "precision": 0.8039215686274509,
    "recall": 0.08823529411764706,
    "f1_score": 0.15720375106564366
}