{
    "accuracy": 0.4791666666666667,
    "precision": 0.5281159420289855,
    "recall": 0.4791666666666667,
    "f1_score": 0.4939271255060729
}