{
    "accuracy": 0.5333333333333333,
    "precision": 0.571876224050137,
    "recall": 0.5333333333333333,
    "f1_score": 0.5302187615869485
}