{
    "accuracy": 0.671875,
    "precision": 0.6511652542372881,
    "recall": 0.671875,
    "f1_score": 0.5961908690869087
}