{
    "accuracy": 0.4827586206896552,
    "precision": 0.5282501606339687,
    "recall": 0.48275862068965525,
    "f1_score": 0.5011343012704174
}