{
    "accuracy": 0.4166666666666667,
    "precision": 0.5835972850678733,
    "recall": 0.4166666666666667,
    "f1_score": 0.4861375661375662
}