{
    "accuracy": 0.55,
    "precision": 0.6042410714285714,
    "recall": 0.55,
    "f1_score": 0.5653453803555814
}