{
    "accuracy": 0.5833333333333334,
    "precision": 0.5306781045751634,
    "recall": 0.5833333333333334,
    "f1_score": 0.5226783968719453
}