{
    "accuracy": 0.6166666666666667,
    "precision": 0.6125925925925926,
    "recall": 0.6166666666666667,
    "f1_score": 0.5919316661521046
}