{
    "accuracy": 0.3125,
    "precision": 0.5458333333333334,
    "recall": 0.3125,
    "f1_score": 0.3515625
}