{
    "accuracy": 0.2777777777777778,
    "precision": 0.8518518518518519,
    "recall": 0.2777777777777778,
    "f1_score": 0.4091710758377424
}