{
    "accuracy": 0.38333333333333336,
    "precision": 0.3953917050691244,
    "recall": 0.38333333333333336,
    "f1_score": 0.3870830977953646
}