{
    "accuracy": 0.26666666666666666,
    "precision": 0.4111111111111111,
    "recall": 0.26666666666666666,
    "f1_score": 0.3123543123543123
}