{
    "accuracy": 0.59375,
    "precision": 0.559375,
    "recall": 0.59375,
    "f1_score": 0.490391156462585
}