{
    "accuracy": 0.5666666666666667,
    "precision": 0.5871794871794871,
    "recall": 0.5666666666666667,
    "f1_score": 0.5666666666666667
}