{
    "accuracy": 0.26666666666666666,
    "precision": 0.6363636363636365,
    "recall": 0.26666666666666666,
    "f1_score": 0.3642553191489362
}