{
    "accuracy": 0.4482758620689655,
    "precision": 0.5486212751009893,
    "recall": 0.4482758620689655,
    "f1_score": 0.4904214559386973
}