{
    "accuracy": 0.53125,
    "precision": 0.5786458333333333,
    "recall": 0.53125,
    "f1_score": 0.5280425219941349
}