{
    "accuracy": 0.9,
    "precision": 0.9219907407407407,
    "recall": 0.9,
    "f1_score": 0.907843137254902
}