length of dataset,ask more questions percentage,accuracy,precision,recall,f1_score
25,16.0,0.2857142857142857,0.7857142857142857,0.2857142857142857,0.4
