{
    "accuracy": 0.4666666666666667,
    "precision": 0.4882154882154882,
    "recall": 0.4666666666666667,
    "f1_score": 0.4690396737115314
}