{
    "accuracy": 0.5555555555555556,
    "precision": 0.6777777777777778,
    "recall": 0.5555555555555556,
    "f1_score": 0.5925925925925926
}