{
    "accuracy": 0.5333333333333333,
    "precision": 0.8722222222222221,
    "recall": 0.5333333333333333,
    "f1_score": 0.6475757575757577
}