{
    "accuracy": 0.6666666666666666,
    "precision": 0.5833333333333334,
    "recall": 0.6666666666666666,
    "f1_score": 0.6222222222222222
}