{
    "accuracy": 0.625,
    "precision": 0.7291666666666667,
    "recall": 0.625,
    "f1_score": 0.6730769230769231
}