{
    "accuracy": 0.125,
    "precision": 0.611111111111111,
    "recall": 0.125,
    "f1_score": 0.2070175438596491
}