{
    "accuracy": 0.9666666666666667,
    "precision": 0.9684210526315788,
    "recall": 0.9666666666666667,
    "f1_score": 0.9663924794359579
}