{
    "accuracy": 0.6,
    "precision": 0.7333333333333334,
    "recall": 0.6,
    "f1_score": 0.6584615384615385
}