{
    "accuracy": 0.43333333333333335,
    "precision": 0.4064102564102564,
    "recall": 0.43333333333333335,
    "f1_score": 0.34833333333333333
}