{
    "accuracy": 0.5,
    "precision": 0.4945054945054944,
    "recall": 0.5,
    "f1_score": 0.4968383017163505
}