{
    "accuracy": 0.45,
    "precision": 0.513888888888889,
    "recall": 0.45,
    "f1_score": 0.40206936753133193
}