{
    "accuracy": 0.45,
    "precision": 0.4740384615384616,
    "recall": 0.45,
    "f1_score": 0.3693423896264279
}