{
    "accuracy": 0.8666666666666667,
    "precision": 0.9023255813953489,
    "recall": 0.8666666666666667,
    "f1_score": 0.8668354430379748
}