{
    "accuracy": 0.36666666666666664,
    "precision": 0.6322751322751323,
    "recall": 0.36666666666666664,
    "f1_score": 0.3939393939393939
}