{
    "accuracy": 0.39473684210526316,
    "precision": 0.5233082706766917,
    "recall": 0.39473684210526316,
    "f1_score": 0.44949066213921895
}