{
    "accuracy": 0.3333333333333333,
    "precision": 0.3504273504273504,
    "recall": 0.3333333333333333,
    "f1_score": 0.3229166666666667
}