{
    "accuracy": 0.5833333333333334,
    "precision": 0.5876190476190476,
    "recall": 0.5833333333333334,
    "f1_score": 0.5606751054852321
}