{
    "accuracy": 0.9166666666666666,
    "precision": 0.9837962962962963,
    "recall": 0.9166666666666666,
    "f1_score": 0.9454877412623891
}