{
    "accuracy": 0.5,
    "precision": 0.8382352941176471,
    "recall": 0.5,
    "f1_score": 0.5630252100840336
}