{
    "accuracy": 0.7222222222222222,
    "precision": 0.8023088023088022,
    "recall": 0.7222222222222222,
    "f1_score": 0.7434343434343434
}