{
    "accuracy": 0.48333333333333334,
    "precision": 0.5437400318979267,
    "recall": 0.48333333333333334,
    "f1_score": 0.4811799573955728
}