{
    "accuracy": 0.43333333333333335,
    "precision": 0.4983838383838384,
    "recall": 0.43333333333333335,
    "f1_score": 0.4635416666666667
}