{
    "accuracy": 0.7166666666666667,
    "precision": 0.769973544973545,
    "recall": 0.7166666666666667,
    "f1_score": 0.7050205997892114
}