{
    "accuracy": 0.5625,
    "precision": 0.4834770114942528,
    "recall": 0.5625,
    "f1_score": 0.4713541666666667
}