{
    "accuracy": 0.7333333333333333,
    "precision": 0.7466666666666666,
    "recall": 0.7333333333333333,
    "f1_score": 0.725925925925926
}