{
    "accuracy": 0.31666666666666665,
    "precision": 0.5558823529411766,
    "recall": 0.31666666666666665,
    "f1_score": 0.4025454545454545
}