{
    "accuracy": 0.5333333333333333,
    "precision": 0.5296296296296297,
    "recall": 0.5333333333333333,
    "f1_score": 0.5291101055806938
}