{
    "accuracy": 0.48333333333333334,
    "precision": 0.575,
    "recall": 0.48333333333333334,
    "f1_score": 0.3905982905982906
}