{
    "accuracy": 0.25,
    "precision": 0.32710027100271,
    "recall": 0.24999999999999997,
    "f1_score": 0.21309350775193797
}