{
    "accuracy": 0.6875,
    "precision": 0.6826298701298701,
    "recall": 0.6875,
    "f1_score": 0.6822916666666667
}