{
    "accuracy": 0.722972972972973,
    "precision": 0.7759351027067563,
    "recall": 0.722972972972973,
    "f1_score": 0.6817170667721913
}