{
    "accuracy": 0.6875,
    "precision": 0.6651162790697674,
    "recall": 0.6875,
    "f1_score": 0.6285714285714286
}