{
    "accuracy": 0.11764705882352941,
    "precision": 0.8529411764705882,
    "recall": 0.11764705882352941,
    "f1_score": 0.2019607843137255
}