{
    "accuracy": 0.4117647058823529,
    "precision": 0.1695501730103806,
    "recall": 0.4117647058823529,
    "f1_score": 0.24019607843137258
}