{
    "accuracy": 0.625,
    "precision": 0.6438080495356038,
    "recall": 0.625,
    "f1_score": 0.5825174825174825
}