{
    "accuracy": 0.55,
    "precision": 0.5888888888888888,
    "recall": 0.55,
    "f1_score": 0.5418181818181818
}