{
    "accuracy": 0.5,
    "precision": 0.5115131578947368,
    "recall": 0.5,
    "f1_score": 0.5055821371610845
}