{
    "accuracy": 0.7666666666666667,
    "precision": 0.8114035087719298,
    "recall": 0.7666666666666667,
    "f1_score": 0.7824823578248236
}