{
    "accuracy": 0.25,
    "precision": 0.4318181818181818,
    "recall": 0.25,
    "f1_score": 0.31666666666666665
}