{
    "accuracy": 0.43333333333333335,
    "precision": 0.5351851851851852,
    "recall": 0.43333333333333335,
    "f1_score": 0.3936507936507937
}