{
    "accuracy": 0.48333333333333334,
    "precision": 0.5344907407407408,
    "recall": 0.48333333333333334,
    "f1_score": 0.4851995924793924
}