{
    "accuracy": 0.49019607843137253,
    "precision": 0.49669489007724305,
    "recall": 0.49019607843137253,
    "f1_score": 0.4925662572721396
}