{
    "accuracy": 0.39655172413793105,
    "precision": 0.7123275862068965,
    "recall": 0.39655172413793105,
    "f1_score": 0.3419601499889714
}