{
    "accuracy": 0.7837837837837838,
    "precision": 0.8261468705547653,
    "recall": 0.7837837837837838,
    "f1_score": 0.7739798622151562
}