{
    "accuracy": 0.3,
    "precision": 0.6101364522417153,
    "recall": 0.3,
    "f1_score": 0.39841868823000903
}