{
    "accuracy": 0.43333333333333335,
    "precision": 0.44711168164313214,
    "recall": 0.43333333333333335,
    "f1_score": 0.4153846153846154
}