{
    "accuracy": 0.16666666666666666,
    "precision": 0.4152046783625731,
    "recall": 0.16666666666666666,
    "f1_score": 0.22420634920634921
}