{
    "accuracy": 0.3333333333333333,
    "precision": 0.5777777777777778,
    "recall": 0.3333333333333333,
    "f1_score": 0.4021164021164021
}