{
    "accuracy": 0.6,
    "precision": 0.6799999999999999,
    "recall": 0.6,
    "f1_score": 0.596078431372549
}