{
    "accuracy": 0.7833333333333333,
    "precision": 0.7974729938271605,
    "recall": 0.7833333333333333,
    "f1_score": 0.7898148148148147
}