{
    "accuracy": 0.4666666666666667,
    "precision": 0.4571491228070175,
    "recall": 0.4666666666666667,
    "f1_score": 0.45643643643643644
}