{
    "accuracy": 0.6166666666666667,
    "precision": 0.776969696969697,
    "recall": 0.6166666666666667,
    "f1_score": 0.5337513061650992
}