{
    "accuracy": 0.85,
    "precision": 0.8804597701149426,
    "recall": 0.85,
    "f1_score": 0.8640015338893682
}