{
    "accuracy": 0.5,
    "precision": 0.5533596837944663,
    "recall": 0.5,
    "f1_score": 0.4882301656495205
}