{
    "accuracy": 0.4722222222222222,
    "precision": 0.4861111111111111,
    "recall": 0.4722222222222222,
    "f1_score": 0.47591297591297593
}