{
    "accuracy": 0.3611111111111111,
    "precision": 0.4201529464687359,
    "recall": 0.3611111111111111,
    "f1_score": 0.3797979797979798
}