{
    "accuracy": 0.9833333333333333,
    "precision": 0.9837837837837838,
    "recall": 0.9833333333333333,
    "f1_score": 0.9832701836199359
}