{
    "accuracy": 0.55,
    "precision": 0.5838577291381669,
    "recall": 0.55,
    "f1_score": 0.5286576602471975
}