{
    "accuracy": 0.5166666666666667,
    "precision": 0.5825513196480938,
    "recall": 0.5166666666666667,
    "f1_score": 0.5469706632653061
}