{
    "accuracy": 0.5,
    "precision": 0.5111234705228032,
    "recall": 0.5,
    "f1_score": 0.5033670033670034
}