length of dataset,ask more questions percentage,accuracy,precision,recall,f1_score
63,19.047619047619047,0.39215686274509803,0.7983193277310925,0.39215686274509803,0.48642533936651583
