{
    "accuracy": 0.6666666666666666,
    "precision": 0.7377777777777778,
    "recall": 0.6666666666666666,
    "f1_score": 0.6782051282051282
}