{
    "accuracy": 0.631578947368421,
    "precision": 0.45614035087719296,
    "recall": 0.631578947368421,
    "f1_score": 0.5297113752122241
}