{
    "accuracy": 0.15789473684210525,
    "precision": 0.6842105263157895,
    "recall": 0.15789473684210525,
    "f1_score": 0.2565789473684211
}