{
    "accuracy": 0.5333333333333333,
    "precision": 0.6833333333333333,
    "recall": 0.5333333333333333,
    "f1_score": 0.5878787878787879
}