{
    "accuracy": 0.4411764705882353,
    "precision": 0.7629233511586452,
    "recall": 0.4411764705882353,
    "f1_score": 0.3013290422551999
}