{
    "accuracy": 0.6,
    "precision": 0.7299259259259259,
    "recall": 0.6,
    "f1_score": 0.5492827004219409
}