{
    "accuracy": 0.36666666666666664,
    "precision": 0.5734126984126984,
    "recall": 0.36666666666666664,
    "f1_score": 0.4447294645360247
}