{
    "accuracy": 0.45,
    "precision": 0.329320987654321,
    "recall": 0.45,
    "f1_score": 0.34369747899159664
}