{
    "accuracy": 0.55,
    "precision": 0.5758664955070604,
    "recall": 0.55,
    "f1_score": 0.5350383631713556
}