{
    "accuracy": 0.2413793103448276,
    "precision": 0.566522406812788,
    "recall": 0.2413793103448276,
    "f1_score": 0.3170498084291188
}