{
    "accuracy": 0.5666666666666667,
    "precision": 0.779245283018868,
    "recall": 0.5666666666666667,
    "f1_score": 0.49624999999999997
}