{
    "accuracy": 0.35,
    "precision": 0.589044289044289,
    "recall": 0.35,
    "f1_score": 0.4340670859538784
}