{
    "accuracy": 0.48333333333333334,
    "precision": 0.5123809523809524,
    "recall": 0.48333333333333334,
    "f1_score": 0.4948148148148148
}