{
    "accuracy": 0.45,
    "precision": 0.5678362573099415,
    "recall": 0.45,
    "f1_score": 0.3223054379680886
}