{
    "accuracy": 0.8833333333333333,
    "precision": 0.9256756756756757,
    "recall": 0.8833333333333333,
    "f1_score": 0.8966071428571428
}