{
    "accuracy": 0.4666666666666667,
    "precision": 0.21777777777777776,
    "recall": 0.4666666666666667,
    "f1_score": 0.29696969696969694
}