{
    "accuracy": 0.26666666666666666,
    "precision": 0.5777777777777777,
    "recall": 0.26666666666666666,
    "f1_score": 0.36462585034013606
}