{
    "accuracy": 0.55,
    "precision": 0.5367137355584082,
    "recall": 0.55,
    "f1_score": 0.5420808891633221
}