{
    "accuracy": 0.7166666666666667,
    "precision": 0.7175925925925927,
    "recall": 0.7166666666666667,
    "f1_score": 0.7064834390415785
}