{
    "accuracy": 0.5588235294117647,
    "precision": 0.6381611468116659,
    "recall": 0.5588235294117647,
    "f1_score": 0.5851099453063958
}