{
    "accuracy": 0.8702290076335878,
    "precision": 0.8698501200475405,
    "recall": 0.8702290076335878,
    "f1_score": 0.8686602293330459
}