{
    "accuracy": 0.8166666666666667,
    "precision": 0.8323076923076923,
    "recall": 0.8166666666666667,
    "f1_score": 0.8210909090909091
}