{
    "accuracy": 0.47368421052631576,
    "precision": 0.46727688787185356,
    "recall": 0.47368421052631576,
    "f1_score": 0.4691985645933014
}