{
    "accuracy": 0.14705882352941177,
    "precision": 0.42016806722689076,
    "recall": 0.14705882352941177,
    "f1_score": 0.21786492374727667
}