{
    "accuracy": 0.8833333333333333,
    "precision": 0.8959821428571428,
    "recall": 0.8833333333333333,
    "f1_score": 0.8834954153931648
}