{
    "accuracy": 0.95,
    "precision": 0.9541666666666667,
    "recall": 0.95,
    "f1_score": 0.949616368286445
}