{
    "accuracy": 0.48333333333333334,
    "precision": 0.5412962962962964,
    "recall": 0.48333333333333334,
    "f1_score": 0.4761072261072261
}