{
    "accuracy": 0.48333333333333334,
    "precision": 0.41886209029066174,
    "recall": 0.48333333333333334,
    "f1_score": 0.42529035059155545
}