{
    "accuracy": 0.3,
    "precision": 0.5190476190476191,
    "recall": 0.3,
    "f1_score": 0.3333333333333333
}