{
    "accuracy": 0.5166666666666667,
    "precision": 0.5750696933492632,
    "recall": 0.5166666666666667,
    "f1_score": 0.5362101688143042
}