{
    "accuracy": 0.36666666666666664,
    "precision": 0.40552380952380945,
    "recall": 0.36666666666666664,
    "f1_score": 0.37089358546533185
}