{
    "accuracy": 0.48333333333333334,
    "precision": 0.6051587301587301,
    "recall": 0.48333333333333334,
    "f1_score": 0.4744136460554371
}