{
    "accuracy": 0.85,
    "precision": 0.8560267857142857,
    "recall": 0.85,
    "f1_score": 0.850887074063644
}