{
    "accuracy": 0.3448275862068966,
    "precision": 0.555008210180624,
    "recall": 0.3448275862068966,
    "f1_score": 0.2940020898641588
}