{
    "accuracy": 0.8,
    "precision": 0.8962962962962963,
    "recall": 0.8,
    "f1_score": 0.8185897435897436
}