length of dataset,ask more questions percentage,accuracy,precision,recall,f1_score
72,16.666666666666664,0.3333333333333333,0.4936363636363636,0.3333333333333333,0.39223602484472053
