{
    "accuracy": 0.20689655172413793,
    "precision": 0.5689655172413793,
    "recall": 0.20689655172413793,
    "f1_score": 0.2942588562582729
}