{
    "accuracy": 0.42105263157894735,
    "precision": 0.6445344129554657,
    "recall": 0.42105263157894735,
    "f1_score": 0.43705755617112957
}