{
    "accuracy": 0.34375,
    "precision": 0.38988095238095233,
    "recall": 0.34375,
    "f1_score": 0.3126949064449065
}