{
    "accuracy": 0.38333333333333336,
    "precision": 0.15593220338983052,
    "recall": 0.38333333333333336,
    "f1_score": 0.22168674698795182
}