{
    "accuracy": 0.5333333333333333,
    "precision": 0.5380952380952381,
    "recall": 0.5333333333333333,
    "f1_score": 0.5333333333333333
}