{
    "accuracy": 0.6744186046511628,
    "precision": 0.6954545454545454,
    "recall": 0.6744186046511628,
    "f1_score": 0.6759986647379548,
    "total_num": 43,
    "valid_num": 43,
    "valid_ratio": 1.0,
    "valid_acc": 0.6744186046511628
}