{
    "accuracy": 0.48333333333333334,
    "precision": 0.5026041666666666,
    "recall": 0.48333333333333334,
    "f1_score": 0.48635477582846
}