{
    "accuracy": 0.4473684210526316,
    "precision": 0.6860661268556005,
    "recall": 0.4473684210526316,
    "f1_score": 0.5410483612682824
}