{
    "accuracy": 0.2833333333333333,
    "precision": 0.567099567099567,
    "recall": 0.2833333333333333,
    "f1_score": 0.3751493428912783
}