{
    "accuracy": 0.8585858585858586,
    "precision": 0.8664587046939989,
    "recall": 0.8585858585858586,
    "f1_score": 0.859371492704826
}