{
    "accuracy": 0.4,
    "precision": 0.39259259259259255,
    "recall": 0.4,
    "f1_score": 0.3945701357466064
}