{
    "accuracy": 0.7758620689655172,
    "precision": 0.8318136604774535,
    "recall": 0.7758620689655172,
    "f1_score": 0.7855016422976788
}