{
    "accuracy": 0.4166666666666667,
    "precision": 0.5013477088948787,
    "recall": 0.4166666666666667,
    "f1_score": 0.3298097251585624
}