{
    "accuracy": 0.17647058823529413,
    "precision": 0.392156862745098,
    "recall": 0.17647058823529413,
    "f1_score": 0.24340770791075053
}