{
    "accuracy": 0.2894736842105263,
    "precision": 0.40909090909090906,
    "recall": 0.2894736842105263,
    "f1_score": 0.3305921052631579
}