{
    "accuracy": 0.6666666666666666,
    "precision": 0.6626794258373205,
    "recall": 0.6666666666666666,
    "f1_score": 0.663924794359577
}