{
    "accuracy": 0.43333333333333335,
    "precision": 0.42952380952380953,
    "recall": 0.43333333333333335,
    "f1_score": 0.42951739618406287
}