{
    "accuracy": 0.7631578947368421,
    "precision": 0.9293628808864265,
    "recall": 0.7631578947368421,
    "f1_score": 0.8202614379084967
}