{
    "accuracy": 0.4583333333333333,
    "precision": 0.6203703703703703,
    "recall": 0.4583333333333333,
    "f1_score": 0.43939393939393945
}