{
    "accuracy": 0.5111111111111111,
    "precision": 0.5053221288515406,
    "recall": 0.5111111111111111,
    "f1_score": 0.5041835357624831
}