{
    "accuracy": 0.25862068965517243,
    "precision": 0.36509646962233167,
    "recall": 0.25862068965517243,
    "f1_score": 0.25310939534692956
}