{
    "accuracy": 0.78125,
    "precision": 0.8160539215686275,
    "recall": 0.78125,
    "f1_score": 0.7865637651821862
}