{
    "accuracy": 0.7666666666666667,
    "precision": 0.7710407239819003,
    "recall": 0.7666666666666667,
    "f1_score": 0.768
}