{
    "accuracy": 0.26666666666666666,
    "precision": 0.5526315789473685,
    "recall": 0.26666666666666666,
    "f1_score": 0.3596986817325801
}