{
    "accuracy": 0.47368421052631576,
    "precision": 0.5886363636363636,
    "recall": 0.47368421052631576,
    "f1_score": 0.5202182284980745
}