{
    "accuracy": 0.3448275862068966,
    "precision": 0.6275862068965516,
    "recall": 0.3448275862068966,
    "f1_score": 0.43410286382232616
}