{
    "accuracy": 0.375,
    "precision": 0.65625,
    "recall": 0.375,
    "f1_score": 0.47727272727272724
}