{
    "accuracy": 0.7230769230769231,
    "precision": 0.7718315018315018,
    "recall": 0.7230769230769231,
    "f1_score": 0.7466344806776299
}