{
    "accuracy": 0.21052631578947367,
    "precision": 0.34727845254161044,
    "recall": 0.21052631578947367,
    "f1_score": 0.2619671350321505
}