{
    "accuracy": 0.4,
    "precision": 0.5196875,
    "recall": 0.4,
    "f1_score": 0.44505928853754945
}