{
    "accuracy": 0.7777777777777778,
    "precision": 0.9331322272498743,
    "recall": 0.7777777777777778,
    "f1_score": 0.8482965724345034
}