{
    "accuracy": 0.3492063492063492,
    "precision": 0.47395197395197397,
    "recall": 0.3492063492063492,
    "f1_score": 0.39689567583305724
}