{
    "accuracy": 0.71875,
    "precision": 0.7880208333333333,
    "recall": 0.71875,
    "f1_score": 0.7168255131964809
}