{
    "accuracy": 0.1875,
    "precision": 0.5929487179487178,
    "recall": 0.1875,
    "f1_score": 0.22254901960784312
}