{
    "accuracy": 0.5344827586206896,
    "precision": 0.6126026272577996,
    "recall": 0.5344827586206896,
    "f1_score": 0.5553181155900923
}