{
    "accuracy": 0.5,
    "precision": 0.5224466891133558,
    "recall": 0.5,
    "f1_score": 0.5022246941045606
}