{
    "accuracy": 0.43333333333333335,
    "precision": 0.49851190476190477,
    "recall": 0.43333333333333335,
    "f1_score": 0.44871794871794873
}