{
    "accuracy": 0.6052631578947368,
    "precision": 0.6553643724696356,
    "recall": 0.6052631578947368,
    "f1_score": 0.5927450762212083
}