{
    "accuracy": 0.38333333333333336,
    "precision": 0.4546739626082991,
    "recall": 0.38333333333333336,
    "f1_score": 0.36522144522144523
}