{
    "accuracy": 0.5,
    "precision": 0.6028571428571429,
    "recall": 0.5,
    "f1_score": 0.4635627530364373
}