{
    "accuracy": 0.3157894736842105,
    "precision": 0.47846889952153104,
    "recall": 0.3157894736842105,
    "f1_score": 0.3804511278195488
}