{
    "accuracy": 0.96875,
    "precision": 0.9703125,
    "recall": 0.96875,
    "f1_score": 0.968525641025641
}