{
    "accuracy": 0.6724137931034483,
    "precision": 0.6326867816091954,
    "recall": 0.6724137931034483,
    "f1_score": 0.6428315180736723
}