{
    "accuracy": 0.3684210526315789,
    "precision": 0.6033834586466165,
    "recall": 0.3684210526315789,
    "f1_score": 0.3678018575851394
}