{
    "accuracy": 0.9173228346456693,
    "precision": 0.9370806555152145,
    "recall": 0.9173228346456693,
    "f1_score": 0.9265530013905987
}