{
    "accuracy": 0.6,
    "precision": 0.6088888888888888,
    "recall": 0.6,
    "f1_score": 0.6017857142857143
}