{
    "accuracy": 0.2833333333333333,
    "precision": 0.41300000000000003,
    "recall": 0.2833333333333333,
    "f1_score": 0.33606557377049184
}