{
    "accuracy": 0.31666666666666665,
    "precision": 0.6377104377104377,
    "recall": 0.31666666666666665,
    "f1_score": 0.42224532224532224
}