{
    "accuracy": 0.5,
    "precision": 0.6081730769230769,
    "recall": 0.5,
    "f1_score": 0.5205604629911665
}