{
    "accuracy": 0.55,
    "precision": 0.5549999999999999,
    "recall": 0.55,
    "f1_score": 0.5511278195488721
}