length of dataset,ask more questions percentage,accuracy,precision,recall,f1_score
76,32.89473684210527,0.35294117647058826,0.433679354094579,0.35294117647058826,0.3886877828054298
