{
    "accuracy": 0.7,
    "precision": 0.7538461538461539,
    "recall": 0.7,
    "f1_score": 0.6522727272727272
}