{
    "accuracy": 0.4444444444444444,
    "precision": 0.5104166666666666,
    "recall": 0.4444444444444444,
    "f1_score": 0.4719558267945365
}