{
    "accuracy": 0.631578947368421,
    "precision": 0.5756578947368421,
    "recall": 0.631578947368421,
    "f1_score": 0.5892316999395039
}