{
    "accuracy": 0.8969072164948454,
    "precision": 0.939732649336556,
    "recall": 0.8969072164948454,
    "f1_score": 0.9165073356328244
}