{
    "accuracy": 0.4166666666666667,
    "precision": 0.42857142857142855,
    "recall": 0.4166666666666667,
    "f1_score": 0.3658810325476992
}