{
    "accuracy": 0.46551724137931033,
    "precision": 0.5445402298850575,
    "recall": 0.46551724137931033,
    "f1_score": 0.4894393178997356
}