{
    "accuracy": 0.71875,
    "precision": 0.7367559523809524,
    "recall": 0.71875,
    "f1_score": 0.7222826086956522
}