subset,VLM,length of dataset,unable to answer percentage,accuracy,precision,recall,f1_score
phi,microsoft/Phi-3.5-vision-instruct,197,1.5228426395939088,0.5360824742268041,0.7037037037037037,0.4634146341463415,0.5588235294117647
