{
    "accuracy": 0.8333333333333334,
    "precision": 0.861863354037267,
    "recall": 0.8333333333333334,
    "f1_score": 0.8473479172909798
}