{
    "accuracy": 0.6166666666666667,
    "precision": 0.6283809523809524,
    "recall": 0.6166666666666667,
    "f1_score": 0.621023996891091
}