{
    "accuracy": 0.5555555555555556,
    "precision": 0.6388888888888888,
    "recall": 0.5555555555555556,
    "f1_score": 0.594017094017094
}