{
    "accuracy": 0.375,
    "precision": 0.41207386363636367,
    "recall": 0.375,
    "f1_score": 0.3702651515151515
}