{
    "accuracy": 0.34375,
    "precision": 0.3828125,
    "recall": 0.34375,
    "f1_score": 0.3586309523809524
}