{
    "accuracy": 0.5478260869565217,
    "precision": 0.7696472518457752,
    "recall": 0.5478260869565217,
    "f1_score": 0.45335403726708073
}