{
    "accuracy": 0.2916666666666667,
    "precision": 0.5694444444444444,
    "recall": 0.2916666666666667,
    "f1_score": 0.3855555555555556
}