{
    "accuracy": 0.7222222222222222,
    "precision": 0.6319444444444444,
    "recall": 0.7222222222222222,
    "f1_score": 0.674074074074074
}