{
    "accuracy": 0.38333333333333336,
    "precision": 0.6985867446393762,
    "recall": 0.38333333333333336,
    "f1_score": 0.4842642642642643
}