{
    "accuracy": 0.6666666666666666,
    "precision": 0.6711560044893379,
    "recall": 0.6666666666666666,
    "f1_score": 0.6659251019651464
}