{
    "accuracy": 0.8695652173913043,
    "precision": 0.8760328396821626,
    "recall": 0.8695652173913043,
    "f1_score": 0.8695652173913043
}