{
    "accuracy": 0.6666666666666666,
    "precision": 0.8666666666666667,
    "recall": 0.6666666666666666,
    "f1_score": 0.6926406926406927
}