{
    "accuracy": 0.5862068965517241,
    "precision": 0.7816091954022988,
    "recall": 0.5862068965517241,
    "f1_score": 0.5502660931690603
}