{
    "accuracy": 0.6588235294117647,
    "precision": 0.7353098039215686,
    "recall": 0.6588235294117647,
    "f1_score": 0.6395905420991925
}