{
    "accuracy": 0.4868421052631579,
    "precision": 0.49430561698363557,
    "recall": 0.4868421052631579,
    "f1_score": 0.48983666061705994
}