{
    "accuracy": 0.3333333333333333,
    "precision": 0.4420289855072464,
    "recall": 0.3333333333333333,
    "f1_score": 0.200506008855155
}