{
    "accuracy": 0.28125,
    "precision": 0.5130681818181818,
    "recall": 0.28125,
    "f1_score": 0.36180555555555555
}