{
    "accuracy": 0.5333333333333333,
    "precision": 0.5149870801033593,
    "recall": 0.5333333333333333,
    "f1_score": 0.5171271929824562
}