{
    "accuracy": 0.5882352941176471,
    "precision": 0.6274509803921569,
    "recall": 0.5882352941176471,
    "f1_score": 0.5204152249134948
}