{
    "accuracy": 0.45,
    "precision": 0.6949074074074074,
    "recall": 0.45,
    "f1_score": 0.5196078431372549
}