{
    "accuracy": 0.18333333333333332,
    "precision": 0.40586080586080586,
    "recall": 0.18333333333333332,
    "f1_score": 0.25252739483916575
}