{
    "accuracy": 0.3333333333333333,
    "precision": 0.49215686274509807,
    "recall": 0.3333333333333333,
    "f1_score": 0.3852564102564102
}