{
    "accuracy": 0.6666666666666666,
    "precision": 0.7222222222222223,
    "recall": 0.6666666666666666,
    "f1_score": 0.6871794871794872
}