{
    "accuracy": 0.55,
    "precision": 0.47376543209876537,
    "recall": 0.55,
    "f1_score": 0.4601304820587169
}