{
    "accuracy": 0.9310344827586207,
    "precision": 0.9333582415980171,
    "recall": 0.9310344827586207,
    "f1_score": 0.9310891811199489
}