{
    "accuracy": 0.5666666666666667,
    "precision": 0.539080459770115,
    "recall": 0.5666666666666667,
    "f1_score": 0.4374741200828157
}